franchise,status,example_title
100万の命の上に俺は立っている,watched,100万の命の上に俺は立っている
16bitセンセーション ANOTHER LAYER,watched,16bitセンセーション ANOTHER LAYER
180秒で君の耳を幸せにできるか？,watched,180秒で君の耳を幸せにできるか？
Angel Beats!,watched,Angel Beats!
CANAAN,watched,CANAAN
CLANNAD,watched,CLANNAD
Charlotte,watched,Charlotte
Classroom☆Crisis,interested,Classroom☆Crisis
D.C.,watched,D.C.～ダ・カーポ～
Daydream cafe/Petit Rabbit's（佐倉綾音、水瀬いのり、種田梨沙、佐藤聡美、内田真礼）,watched,Daydream cafe/Petit Rabbit's（佐倉綾音、水瀬いのり、種田梨沙、佐藤聡美、内田真礼）
Dr.STONE,watched,Dr.STONE SCIENCE FUTURE（第4期）
Fate/kaleid liner プリズマ☆イリヤ ツヴァイ！,interested,Fate/kaleid liner プリズマ☆イリヤ ツヴァイ！
GATE(ゲート) 自衛隊 彼の地にて、斯く戦えり,watched,GATE(ゲート) 自衛隊 彼の地にて、斯く戦えり
IS<インフィニット・ストラトス>,watched,IS<インフィニット・ストラトス>
K,watched,K
Kanon,watched,Kanon
Lv2からチートだった元勇者候補のまったり異世界ライフ,watched,Lv2からチートだった元勇者候補のまったり異世界ライフ
MARS RED,watched,MARS RED
Myself ; Yourself,watched,Myself ; Yourself
NEW GAME,watched,NEW GAME!!
NieR:Automata Ver1.1a,watched,NieR:Automata Ver1.1a
OVA ハイスクール・フリート,interested,OVA ハイスクール・フリート
PSYCHO-PASS,watched,PSYCHO-PASS サイコパス 3
RE-MAIN（リメイン）,watched,RE-MAIN（リメイン）
Re:ゼロ,watched,Re:ゼロから始める異世界生活 4th season
SPY×FAMILY,watched,SPY×FAMILY Season 3
STEINS;GATE,interested,STEINS;GATE
TARI TARI,watched,TARI TARI
TVアニメ「スーパーカブ」,watched,TVアニメ「スーパーカブ」
To LOVEる-とらぶる-ダークネス,watched,To LOVEる-とらぶる-ダークネス
Vivy,watched,Vivy -Fluorite Eye's Song-
WHITE ALBUM,watched,WHITE ALBUM
WORKING!!,watched,WORKING!!
kiss×sis,watched,kiss×sis
〈物語〉シリーズ,watched,〈物語〉シリーズ セカンドシーズン（第21話～第26話） 恋物語
あの日見た花の名前を僕達はまだ知らない。,watched,あの日見た花の名前を僕達はまだ知らない。
ありふれた職業で世界最強,watched,ありふれた職業で世界最強 2nd season
いわかける！,watched,いわかける！- Sport Climbing Girls -
うらみちお兄さん,watched,うらみちお兄さん
うらら迷路帖,interested,うらら迷路帖
うる星やつら,watched,うる星やつら
おちこぼれフルーツタルト,watched,おちこぼれフルーツタルト
おーばーふろぉ【オンエア版】,watched,おーばーふろぉ【オンエア版】
お兄ちゃんはおしまい！,watched,お兄ちゃんはおしまい！
かくしごと,watched,かくしごと
かぐや様は告らせたい,watched,かぐや様は告らせたい-ファーストキッスは終わらない-
かつて魔法少女と悪は敵対していた。,watched,かつて魔法少女と悪は敵対していた。
くまクマ熊ベアー,watched,くまクマ熊ベアー
けいおん！,watched,けいおん！
このすば,watched,この素晴らしい世界に祝福を！
ご注文はうさぎですか？ BLOOM,watched,ご注文はうさぎですか？ BLOOM
さくら荘のペットな彼女,watched,さくら荘のペットな彼女
しかのこのこのここしたんたん,watched,しかのこのこのここしたんたん
じゃんたま,watched,じゃんたま カン！！
その着せ替え人形は恋をする,watched,その着せ替え人形は恋をする
それが声優！,watched,それが声優！
たとえばラストダンジョン前の村の少年が序盤の街で暮らすような物語,watched,たとえばラストダンジョン前の村の少年が序盤の街で暮らすような物語
ちいかわ シーズン,watched,ちいかわ シーズン1
とあるシリーズ,watched,とある科学の一方通行
とある科学の超電磁砲,watched,とある科学の超電磁砲S
なぜ僕の世界を誰も覚えていないのか？,watched,なぜ僕の世界を誰も覚えていないのか？
のんのんびより,watched,のんのんびより
はたらく細胞,watched,はたらく細胞!!
はたらく魔王さま！,watched,はたらく魔王さま！
はめふら,watched,乙女ゲームの破滅フラグしかない悪役令嬢に転生してしまった…Ｘ
ばいばい、アース,watched,ばいばい、アース
ひげを剃る。そして女子高生を拾う。,watched,ひげを剃る。そして女子高生を拾う。
ふたりはプリキュア,watched,ふたりはプリキュア
ぼっち・ざ・ろっく！,watched,ぼっち・ざ・ろっく！
まえせつ！,watched,まえせつ！
また殺されてしまったのですね、探偵様,watched,また殺されてしまったのですね、探偵様
まちカドまぞく,watched,まちカドまぞく
まよチキ!,watched,まよチキ!
まりあ†ほりっく,interested,まりあ†ほりっく
みなみけ,watched,みなみけ
みるタイツ,watched,みるタイツ
もめんたりー・リリィ,watched,もめんたりー・リリィ
やがて君になる,interested,やがて君になる
やくならマグカップも,watched,やくならマグカップも
やはり俺の青春ラブコメはまちがっている。,watched,やはり俺の青春ラブコメはまちがっている。
よう実,watched,ようこそ実力至上主義の教室へ 4th Season 2年生編1学期
よわよわ先生 超よわよわver.,watched,よわよわ先生 超よわよわver.
らき☆すたin武道館 あなたのためだから,watched,らき☆すたin武道館 あなたのためだから
りゅうおうのおしごと！,watched,りゅうおうのおしごと！
るろうに剣心,watched,るろうに剣心 －明治剣客浪漫譚－ 京都動乱
わたしの幸せな結婚,watched,わたしの幸せな結婚
わんだふるぷりきゅあ！,watched,わんだふるぷりきゅあ！
アカギ,watched,闘牌伝説アカギ
アカメが斬る！,watched,アカメが斬る！
アザゼルさん,watched,よんでますよ、アザゼルさん。Z
アニマエール！,watched,アニマエール！
アマガミSS,watched,アマガミSS
アルスラーン戦記,watched,アルスラーン戦記 風塵乱舞
イエスタデイをうたって,watched,イエスタデイをうたって
ウィッチウォッチ,watched,ウィッチウォッチ
ウマ娘 プリティーダービー,watched,ウマ娘 プリティーダービー
エロマンガ先生,watched,エロマンガ先生
オルタンシア・サーガ,watched,オルタンシア・サーガ
オーバーロード,watched,オーバーロードⅣ
カイジ,watched,逆境無頼カイジ 破戒録篇
カッコウの許嫁,watched,カッコウの許嫁
カノジョも彼女,watched,カノジョも彼女
ガヴリールドロップアウト,watched,ガヴリールドロップアウト
キノの旅,watched,キノの旅-the Beautiful World-
キミとアイドルプリキュア♪,watched,キミとアイドルプリキュア♪
キミと僕の最後の戦場、あるいは世界が始まる聖戦,watched,キミと僕の最後の戦場、あるいは世界が始まる聖戦
キルミーベイベー,watched,キルミーベイベー
キングスレイド 意志を継ぐものたち,watched,キングスレイド 意志を継ぐものたち
ギャグマンガ日和GO,watched,ギャグマンガ日和GO
クソゲーって言うな！アニメーション,watched,クソゲーって言うな！アニメーション
クラスで2番目に可愛い女の子と友だちになった,watched,クラスで2番目に可愛い女の子と友だちになった
グランクレスト戦記,watched,グランクレスト戦記
ゲーセン少女と異文化交流,watched,ゲーセン少女と異文化交流
コードギアス,watched,コードギアス 復活のルルーシュ
サマータイムレンダ,watched,サマータイムレンダ
サラリーマンが異世界に行ったら四天王になった話,watched,サラリーマンが異世界に行ったら四天王になった話
シャドーハウス,watched,シャドーハウス
ジョジョの奇妙な冒険,watched,ジョジョの奇妙な冒険 ダイヤモンドは砕けない
ストライクウィッチーズ R,watched,ストライクウィッチーズ ROAD to BERLIN
ストロベリー・パニック,interested,ストロベリー・パニック
スパイ教室,watched,スパイ教室
スライム倒して300年、知らないうちにレベルMAXになってました,watched,スライム倒して300年、知らないうちにレベルMAXになってました
セイレン,watched,セイレン
セブンナイツレボリューション,watched,セブンナイツレボリューション-英雄の継承者-
ソードアート・オンライン,watched,ソードアート・オンライン オルタナティブ ガンゲイル・オンラインⅡ
ゾンビランドサガ,watched,ゾンビランドサガ
ダンまち,watched,ダンジョンに出会いを求めるのは間違っているだろうかⅣ
ダンジョンの中のひと,watched,ダンジョンの中のひと
ダンジョン飯,watched,ダンジョン飯
ダンベル何キロ持てる？,watched,ダンベル何キロ持てる？
ダーウィンズゲーム,watched,ダーウィンズゲーム
チェンソーマン,watched,チェンソーマン
チート薬師のスローライフ,watched,チート薬師のスローライフ～異世界に作ろうドラッグストア～
トニカクカワイイ,watched,トニカクカワイイ
トリニティセブン,watched,トリニティセブン
ドメスティックな彼女,watched,ドメスティックな彼女
ドラゴン、家を買う。,watched,ドラゴン、家を買う。
ニセコイ,watched,ニセコイ
ノーゲーム・ノーライフ,watched,ノーゲーム・ノーライフ
ハズレ枠の【状態異常スキル】で最強になった俺がすべてを蹂躙するまで,watched,ハズレ枠の【状態異常スキル】で最強になった俺がすべてを蹂躙するまで
ハッピーシュガーライフ,watched,ハッピーシュガーライフ
バクテン!!,watched,バクテン!!
パリピ孔明,watched,パリピ孔明
ピーター・グリルと賢者の時間 通常ver.,watched,ピーター・グリルと賢者の時間 通常ver.
フォトカノ,watched,フォトカノ
フラグタイム,interested,フラグタイム
フルーツバスケット,watched,フルーツバスケット 2nd season
ブラック・ブレット,watched,ブラック・ブレット
ブルーアーカイブ The Animation,watched,ブルーアーカイブ The Animation
プランダラ,watched,プランダラ
プリティーリズム,watched,プリティーリズム・レインボーライブ
プリンセスコネクト！Re:Dive,watched,プリンセスコネクト！Re:Dive
プレイタの傷,watched,プレイタの傷
ベルゼブブ嬢のお気に召すまま。,watched,ベルゼブブ嬢のお気に召すまま。
ポケットモンスター（2023）,watched,ポケットモンスター（2023）
マリア様がみてる,interested,マリア様がみてる
ミニドラ,watched,ミニドラ
メイドインアビス,watched,劇場版「メイドインアビス 深き魂の黎明」
メイドラゴン,watched,小林さんちのメイドラゴンS
メジャーセカンド,watched,「メジャーセカンド」第２シリーズ
モンスター娘のお医者さん,watched,モンスター娘のお医者さん
ユリ熊嵐,watched,ユリ熊嵐
ラブライブ！虹ヶ咲学園スクールアイドル同好会,watched,ラブライブ！虹ヶ咲学園スクールアイドル同好会
リコリス・リコイル,watched,リコリス・リコイル Friends are thieves of time.
レヱル・ロマネスク,watched,レヱル・ロマネスク
ロウきゅーぶ!,watched,ロウきゅーぶ!
ロクでなし魔術講師と禁忌教典,watched,ロクでなし魔術講師と禁忌教典
ログ・ホライズン,watched,ログ・ホライズン 第２シリーズ
ヴァニタスの手記,watched,ヴァニタスの手記
下の階には澪がいる,watched,下の階には澪がいる
不滅のあなたへ,watched,不滅のあなたへ
世界最高の暗殺者、異世界貴族に転生する,watched,世界最高の暗殺者、異世界貴族に転生する
中二病でも恋がしたい！,watched,映画 中二病でも恋がしたい！ -Take On Me-
中高一貫！！キメツ学園物語,watched,中高一貫！！キメツ学園物語
五等分の花嫁スペシャルイベント,watched,五等分の花嫁スペシャルイベント
人間不信の冒険者たちが世界を救うようです,watched,人間不信の冒険者たちが世界を救うようです
俺だけ入れる隠しダンジョン,watched,俺だけ入れる隠しダンジョン
俺の妹がこんなに可愛いわけがない。,watched,俺の妹がこんなに可愛いわけがない。
俺は全てを【パリイ】する,watched,俺は全てを【パリイ】する〜逆勘違いの世界最強は冒険者になりたい〜
僕らはみんな河合荘,watched,僕らはみんな河合荘
先輩がうざい後輩の話,watched,先輩がうざい後輩の話
先輩はおとこのこ,watched,先輩はおとこのこ
八男って、それはないでしょう！,watched,八男って、それはないでしょう！
冴えない彼女の育てかた,watched,冴えない彼女の育てかた
処刑少女の生きる道,watched,処刑少女の生きる道
出会って5秒でバトル,watched,出会って5秒でバトル
出来損ないと呼ばれた元英雄は、実家から追放されたので好き勝手に生きることにした,watched,出来損ないと呼ばれた元英雄は、実家から追放されたので好き勝手に生きることにした
刀使ノ巫女,watched,刀使ノ巫女 刻みし一閃の燈火
劇場版響け！ユーフォニアム～北宇治高校吹奏楽部へようこそ～,watched,劇場版響け！ユーフォニアム～北宇治高校吹奏楽部へようこそ～
劇場版響け！ユーフォニアム～届けたいメロディ～,watched,劇場版響け！ユーフォニアム～届けたいメロディ～
勇気爆発バーンブレイバーン,watched,勇気爆発バーンブレイバーン
半妖の夜叉姫,watched,半妖の夜叉姫
史上最強の大魔王、村人Aに転生する,watched,史上最強の大魔王、村人Aに転生する
呪術廻戦,watched,呪術廻戦
咲,watched,咲-Saki-
咲-Saki- 阿知賀編 episode of side-A,watched,咲-Saki- 阿知賀編 episode of side-A
問題児たちが異世界から来るそうですよ?,watched,問題児たちが異世界から来るそうですよ?
四月は君の嘘,watched,四月は君の嘘
回復術士のやり直し,watched,回復術士のやり直し
堀江由衣をめぐる冒険,watched,堀江由衣をめぐる冒険 Ⅱ ～武道館で舞踏会～ Q&A
多数欠,watched,多数欠
大正オトメ御伽話,watched,大正オトメ御伽話
天元突破グレンラガン,watched,天元突破グレンラガン
天官賜福,watched,天官賜福
天才王子の赤字国家再生術,watched,天才王子の赤字国家再生術
天晴爛漫！,watched,天晴爛漫！
天穂のサクナヒメ,watched,天穂のサクナヒメ ココロワ稲作日誌
失格紋の最強賢者,watched,失格紋の最強賢者
女子高生の無駄づかい,watched,女子高生の無駄づかい
女神寮の寮母くん。風紀まもるくんシースルーバージョン,watched,女神寮の寮母くん。風紀まもるくんシースルーバージョン
姫様“拷問”の時間です,watched,姫様“拷問”の時間です
姫騎士は蛮族の嫁,watched,姫騎士は蛮族の嫁
宇宙よりも遠い場所,watched,宇宙よりも遠い場所
宇宙兄弟,watched,宇宙兄弟
宇崎ちゃんは遊びたい！,watched,宇崎ちゃんは遊びたい！
安達としまむら,watched,安達としまむら
宙のまにまに,watched,宙のまにまに
小市民シリーズ,watched,小市民シリーズ
少女革命ウテナ,watched,少女革命ウテナ
岸辺露伴は動かない,watched,岸辺露伴は動かない
左ききのエレン,watched,左ききのエレン
幼女戦記,watched,劇場版 幼女戦記
弱キャラ友崎くん,watched,弱キャラ友崎くん
彼女、お借りします,watched,彼女、お借りします
心が叫びたがってるんだ。,interested,心が叫びたがってるんだ。
忍たま乱太郎,watched,忍たま乱太郎 第16シリーズ
怪物事変,watched,怪物事変
恋する小惑星（アステロイド）,watched,恋する小惑星（アステロイド）
恋は双子で割り切れない,watched,恋は双子で割り切れない
恋愛ラボ,watched,恋愛ラボ
悪役令嬢転生おじさん,watched,悪役令嬢転生おじさん
慎重勇者,watched,慎重勇者～この勇者が俺ＴＵＥＥＥくせに慎重すぎる～
憂国のモリアーティ,watched,憂国のモリアーティ
我が家のお稲荷さま。,watched,我が家のお稲荷さま。
戦翼のシグルドリーヴァ,watched,戦翼のシグルドリーヴァ
戦闘員、派遣します！,watched,戦闘員、派遣します！
探偵はもう、死んでいる。,watched,探偵はもう、死んでいる。
推しの子,watched,【推しの子】第3期
放課後さいころ倶楽部,watched,放課後さいころ倶楽部
放課後ていぼう日誌,watched,放課後ていぼう日誌
数学ガール（結城浩）,watched,数学ガール（結城浩）
文豪とアルケミスト,watched,文豪とアルケミスト ～審判ノ歯車～
文豪ストレイドッグス わん！,watched,文豪ストレイドッグス わん！
新サクラ大戦 the Animation,watched,新サクラ大戦 the Animation
旦那が何を言っているかわからない件,watched,旦那が何を言っているかわからない件 2スレ目
明日ちゃんのセーラー服,watched,明日ちゃんのセーラー服
明治東亰恋伽,watched,明治東亰恋伽
春夏秋冬代行者 春の舞,watched,春夏秋冬代行者 春の舞
時々ボソッとロシア語でデレる隣のアーリャさん,watched,時々ボソッとロシア語でデレる隣のアーリャさん
暗殺教室,watched,暗殺教室
暗殺教室(,watched,暗殺教室(第2期)
最強の王様、二度目の人生は何をする？,watched,最強の王様、二度目の人生は何をする？
最強の職業は勇者でも賢者でもなく鑑定士（仮）らしいですよ？,watched,最強の職業は勇者でも賢者でもなく鑑定士（仮）らしいですよ？
最果てのパラディン,watched,最果てのパラディン
月が導く異世界道中,watched,月が導く異世界道中
本好きの下剋上,watched,本好きの下剋上～司書になるためには手段を選んでいられません～
東のエデン,watched,東のエデン
東方Project 秘封倶楽部作品群,watched,東方Project 秘封倶楽部作品群
桜Trick,interested,桜Trick
棺姫のチャイカ,watched,棺姫のチャイカ
機動戦士ガンダム 水星の魔女,watched,機動戦士ガンダム 水星の魔女
死神坊ちゃんと黒メイド,watched,死神坊ちゃんと黒メイド
氷菓,watched,氷菓
消滅都市,watched,消滅都市
涼宮ハルヒ,watched,涼宮ハルヒの消失
灼熱の卓球娘,watched,灼熱の卓球娘
灼熱カバディ,watched,灼熱カバディ
灼眼のシャナ,watched,灼眼のシャナ
烏は主を選ばない,watched,烏は主を選ばない
無職転生,watched,無職転生 ～異世界行ったら本気だす～
無限の住人,watched,無限の住人
犬とハサミは使いよう,watched,犬とハサミは使いよう
犬と猫どっちも飼ってると毎日たのしい,watched,犬と猫どっちも飼ってると毎日たのしい
狼と香辛料 MERCHANT MEETS THE WISE WOLF,watched,狼と香辛料 MERCHANT MEETS THE WISE WOLF
瑠璃の宝石,watched,瑠璃の宝石
甘城ブリリアントパーク,watched,甘城ブリリアントパーク
生徒会役員共,watched,劇場版 生徒会役員共
男子高校生の日常,watched,男子高校生の日常
異世界かるてっと,watched,異世界かるてっと３
異世界失格,watched,異世界失格
異世界魔王と召喚少女の奴隷魔術,watched,異世界魔王と召喚少女の奴隷魔術Ω
異種族レビュアーズ,watched,異種族レビュアーズ
異能バトルは日常系のなかで,watched,異能バトルは日常系のなかで
疑似ハーレム,watched,疑似ハーレム
白い砂のアクアトープ,watched,白い砂のアクアトープ
白猫プロジェクト ZERO CHRONICLE,watched,白猫プロジェクト ZERO CHRONICLE
百姓貴族,watched,百姓貴族
盾の勇者,watched,盾の勇者の成り上がり Season 3
真の仲間じゃないと勇者のパーティーを追い出されたので、辺境でスローライフすることにしました,watched,真の仲間じゃないと勇者のパーティーを追い出されたので、辺境でスローライフすることにしました
真夜中ぱんチ,watched,真夜中ぱんチ
社長、バトルの時間です！,watched,社長、バトルの時間です！
神様になった日,watched,神様になった日
神達に拾われた男,watched,神達に拾われた男
私、能力は平均値でって言ったよね！,watched,私、能力は平均値でって言ったよね！
私に天使が舞い降りた！,watched,私に天使が舞い降りた！
究極進化したフルダイブRPGが現実よりもクソゲーだったら,watched,究極進化したフルダイブRPGが現実よりもクソゲーだったら
精霊幻想記,watched,精霊幻想記
結城友奈は勇者である,watched,結城友奈は勇者である -大満開の章-
継母の連れ子が元カノだった,watched,継母の連れ子が元カノだった
緋弾のアリア,watched,緋弾のアリア
義妹生活,watched,義妹生活
聖女の魔力は万能です,watched,聖女の魔力は万能です
舞妓さんちのまかないさん,watched,舞妓さんちのまかないさん
色づく世界の明日から,watched,色づく世界の明日から
花咲くいろは,watched,花咲くいろは
荒ぶる季節の乙女どもよ。,watched,荒ぶる季節の乙女どもよ。
葬送のフリーレン,watched,葬送のフリーレン 第2期
薬屋のひとりごと,watched,薬屋のひとりごと
虚構推理,watched,虚構推理
蜘蛛ですが、なにか？,watched,蜘蛛ですが、なにか？
裏世界ピクニック,watched,裏世界ピクニック
見える子ちゃん,watched,見える子ちゃん
言の葉の庭,watched,言の葉の庭
豚のレバーは加熱しろ,watched,豚のレバーは加熱しろ
負けヒロインが多すぎる！,watched,負けヒロインが多すぎる！
賢者の弟子を名乗る賢者,watched,賢者の弟子を名乗る賢者
赤髪の白雪姫,watched,赤髪の白雪姫
超人高校生たちは異世界でも余裕で生き抜くようです！,watched,超人高校生たちは異世界でも余裕で生き抜くようです！
転スラ,watched,転生したらスライムだった件 第4期
転生したら第七王子だったので、気ままに魔術を極めます,watched,転生したら第七王子だったので、気ままに魔術を極めます
転生王女と天才令嬢の魔法革命,watched,転生王女と天才令嬢の魔法革命
輪るピングドラム,watched,輪るピングドラム
迷宮ブラックカンパニー,watched,迷宮ブラックカンパニー
逃げ上手の若君,watched,逃げ上手の若君
這いよれ！ニャル子さん,watched,這いよれ！ニャル子さん
進化の実,watched,進化の実～知らないうちに勝ち組人生～
銀河鉄道999 出発篇,watched,銀河鉄道999 出発篇
銀魂,watched,銀魂 (3年目)
鋼の錬金術師,watched,鋼の錬金術師
防振り,watched,痛いのは嫌なので防御力に極振りしたいと思います。2
電脳コイル デンノウコイル,watched,電脳コイル デンノウコイル
響け！ユーフォニアム,watched,響け！ユーフォニアム３
風夏,interested,風夏
食戟のソーマ,watched,食戟のソーマ 餐ノ皿 OVA
鬼滅の刃,watched,テレビアニメ「鬼滅の刃」柱稽古編
魔女の旅々,watched,魔女の旅々
魔導具師ダリヤはうつむかない,watched,魔導具師ダリヤはうつむかない
魔法使い黎明期,watched,魔法使い黎明期
魔法少女育成計画,watched,魔法少女育成計画
魔法科高校,watched,魔法科高校の劣等生
魔物喰らいの冒険者,watched,魔物喰らいの冒険者～俺だけ魔物を喰らって強くなる～
魔王城でおやすみ,watched,魔王城でおやすみ
魔王学院の不適合者,watched,魔王学院の不適合者 Ⅱ ～史上最強の魔王の始祖、転生して子孫たちの学校へ通う～
魔道祖師,watched,魔道祖師
＜Infinite Dendrogram＞,watched,＜Infinite Dendrogram＞-インフィニット・デンドログラム-
