区分,作品名,最終視聴話,全話視聴済み(コンプリート),気になる(未視聴),マイリスト登録,ユーザー評価
視聴済み,百姓貴族,１２頭目,○,,,
視聴済み,百姓貴族 2nd Season,２６頭目,○,,,
視聴済み,転生したらスライムだった件 第4期,第85話,,,,
視聴済み,劇場版 幼女戦記,本編,○,,,
視聴済み,幼女戦記,第12話,○,,,
視聴済み,アカメが斬る！,第24話,,,,
視聴済み,Dr.STONE SCIENCE FUTURE（第4期）,第37話,,,,
視聴済み,ようこそ実力至上主義の教室へ 4th Season 2年生編1学期,第16話,○,,,
視聴済み,GATE(ゲート) 自衛隊 彼の地にて、斯く戦えり,第24話,○,,,
視聴済み,ウィッチウォッチ,第2話,○,,,
視聴済み,Re:ゼロから始める異世界生活 4th season,#77,,,,
視聴済み,左ききのエレン,第8話,,,,
視聴済み,姫騎士は蛮族の嫁,第十話,,,,
視聴済み,最強の王様、二度目の人生は何をする？,第23話,,,,
視聴済み,最強の職業は勇者でも賢者でもなく鑑定士（仮）らしいですよ？,第5話,,,,
視聴済み,春夏秋冬代行者 春の舞,第壱話,,,,
視聴済み,魔物喰らいの冒険者～俺だけ魔物を喰らって強くなる～,第1話,,,,
視聴済み,また殺されてしまったのですね、探偵様,第2話,,,,
視聴済み,電脳コイル デンノウコイル,第1話,○,,,好む
視聴済み,東のエデン,第一話,,,,好まない
視聴済み,ようこそ実力至上主義の教室へ 3rd Season,第4話,○,,,
視聴済み,ダンジョンに出会いを求めるのは間違っているだろうかⅣ,深章 厄災篇 第22話,○,,,
視聴済み,この素晴らしい世界に祝福を！,第6話,○,,,
視聴済み,この素晴らしい世界に爆焔を！,第12話,○,,,
視聴済み,この素晴らしい世界に祝福を！２,第4話,○,,,
視聴済み,この素晴らしい世界に祝福を！３,第11話,○,,,
視聴済み,よわよわ先生 超よわよわver.,Lesson.4,,,,
視聴済み,逃げ上手の若君,第九回,○,,,
視聴済み,ようこそ実力至上主義の教室へ 2nd Season,第13話,○,,,
視聴済み,クラスで2番目に可愛い女の子と友だちになった,#1,,,,
視聴済み,天才王子の赤字国家再生術,第12話,○,,,
視聴済み,【推しの子】第3期,第35話,○,,,
視聴済み,闘牌伝説アカギ,第26話,○,,,
視聴済み,葬送のフリーレン 第2期,第38話,○,,,
視聴済み,天穂のサクナヒメ ココロワ稲作日誌,前編,,,,
視聴済み,Dr.STONE NEW WORLD（第3期）,第22話,○,,,
視聴済み,幼女戦記 閑話『砂漠のパスタ大作戦』,本編,○,,,
視聴済み,葬送のフリーレン,第28話,○,,,
視聴済み,SPY×FAMILY Season 3,【MISSION:50】,○,,,
視聴済み,ログ・ホライズン 第２シリーズ,第25話,○,,,
視聴済み,ログ・ホライズン,第25話,○,,,
視聴済み,銀河鉄道999 出発篇,第1話,,,,好まない
視聴済み,鋼の錬金術師,第25話,,,,
視聴済み,悪役令嬢転生おじさん,第12話,,,,
視聴済み,異世界かるてっと３,第2話,,,,
視聴済み,瑠璃の宝石,第13話,○,,,好む(高い自認)
視聴済み,逆境無頼カイジ 破戒録篇,Bet.26,○,,,
視聴済み,逆境無頼カイジ,第26話,○,,,
視聴済み,僕らはみんな河合荘,第12話,○,,,
視聴済み,Dr.STONE 龍水,本編,○,,,
視聴済み,Dr.STONE STONE WARS（第2期）,第11話,○,,,
視聴済み,Dr.STONE（第1期）,第24話,○,,,
視聴済み,魔法科高校の劣等生,第26話,○,,,
視聴済み,ゲーセン少女と異文化交流,第1話,,,,
視聴済み,キミとアイドルプリキュア♪,第23話,,,,
視聴済み,薬屋のひとりごと,第48話,,,,
視聴済み,わんだふるぷりきゅあ！,第50話,○,,,
視聴済み,リコリス・リコイル Friends are thieves of time.,第6話,○,,,
視聴済み,ギャグマンガ日和GO,第1話,,,,
視聴済み,コードギアス 復活のルルーシュ,本編,○,,,
視聴済み,コードギアス 反逆のルルーシュ R2,FINAL TURN,○,,,
視聴済み,コードギアス 反逆のルルーシュ,STAGE25,○,,,
視聴済み,Re:ゼロから始める異世界生活 3rd season,第66話,○,,,
視聴済み,ダンジョンに出会いを求めるのは間違っているだろうかⅤ 豊穣の女神篇,第15話,○,,,
視聴済み,サラリーマンが異世界に行ったら四天王になった話,第1話,,,,
視聴済み,もめんたりー・リリィ,第1話,,,,
視聴済み,わたしの幸せな結婚,第10話,,,,
視聴済み,ソードアート・オンライン オルタナティブ ガンゲイル・オンラインⅡ,第12話,○,,,
視聴済み,その着せ替え人形は恋をする,#1,,,,
視聴済み,るろうに剣心 －明治剣客浪漫譚－ 京都動乱,第二十八話,,,,
視聴済み,赤髪の白雪姫,第12話,○,,,
視聴済み,ソードアート・オンライン オルタナティブ ガンゲイル・オンライン,#11,,,,
視聴済み,『ガンゲイル・オンラインⅡ』緊急特番！-四人の証言-,本編,○,,,
視聴済み,【推しの子】第2期,第24話,○,,,
視聴済み,天穂のサクナヒメ,第13話,○,,,
視聴済み,時々ボソッとロシア語でデレる隣のアーリャさん,第12話,○,,,
視聴済み,転生したらスライムだった件 第3期,第72話,○,,,
視聴済み,小市民シリーズ,第10話,,,,
視聴済み,烏は主を選ばない,第19話,,,,
視聴済み,なぜ僕の世界を誰も覚えていないのか？,第9話,,,,
視聴済み,俺は全てを【パリイ】する〜逆勘違いの世界最強は冒険者になりたい〜,第10話,,,,
視聴済み,狼と香辛料 MERCHANT MEETS THE WISE WOLF,第21幕,,,,
視聴済み,赤髪の白雪姫 2ndシーズン,第15話,○,,,
視聴済み,負けヒロインが多すぎる！,第6話,,,,
視聴済み,魔導具師ダリヤはうつむかない,第1話,,,,
視聴済み,ダンジョンの中のひと,第1話,,,,
視聴済み,リコリス・リコイル,第5話,○,,,
視聴済み,ログ・ホライズン 円卓崩壊,第12話,○,,,
視聴済み,しかのこのこのここしたんたん,第1話,,,,
視聴済み,見える子ちゃん,第十二話,○,,,
視聴済み,NieR:Automata Ver1.1a,Chapter.1,,,,
視聴済み,恋は双子で割り切れない,第2話,,,,
視聴済み,疑似ハーレム,第2話,,,,
視聴済み,異世界失格,第二話,,,,
視聴済み,ばいばい、アース,第二楽章,,,,
視聴済み,ハズレ枠の【状態異常スキル】で最強になった俺がすべてを蹂躙するまで,第3話,,,,
視聴済み,かつて魔法少女と悪は敵対していた。,第2回,,,,
視聴済み,義妹生活,第3話,,,,
視聴済み,多数欠,第3話,,,,
視聴済み,下の階には澪がいる,第1話,,,,
視聴済み,真夜中ぱんチ,第2話,,,,
視聴済み,Lv2からチートだった元勇者候補のまったり異世界ライフ,episode.12,○,,,
視聴済み,ダンジョンに出会いを求めるのは間違っているだろうかⅡ,第12話,○,,,
視聴済み,先輩はおとこのこ,第1話,,,,
視聴済み,響け！ユーフォニアム３,第12話,○,,,
視聴済み,テレビアニメ「鬼滅の刃」柱稽古編,第八話,○,,,
視聴済み,魔法科高校の劣等生 第3シーズン,13,○,,,
視聴済み,ダンジョン飯,第24話,,,,
視聴済み,じゃんたま カン！！,第4話,,,,
視聴済み,出来損ないと呼ばれた元英雄は、実家から追放されたので好き勝手に生きることにした,#1,,,,
視聴済み,転生したら第七王子だったので、気ままに魔術を極めます,第6話,,,,
視聴済み,氷菓,#20,,,,
視聴済み,ブルーアーカイブ The Animation,3話,,,,
視聴済み,りゅうおうのおしごと！,第十二局,○,,,
視聴済み,棺姫のチャイカ,第7話,○,,,
視聴済み,魔法科高校の優等生,13話,○,,,
視聴済み,魔法科高校の劣等生 追憶編,Chapter.3,○,,,
視聴済み,とある科学の一方通行,第7話,,,,
視聴済み,継母の連れ子が元カノだった,＃１２,○,,,
視聴済み,お兄ちゃんはおしまい！,＃１２,○,,,
視聴済み,勇気爆発バーンブレイバーン,第2話,,,,
視聴済み,ソード・オラトリア ダンジョンに出会いを求めるのは間違っているだろうか外伝,第四話,○,,,
視聴済み,姫様“拷問”の時間です,第2話,,,,
視聴済み,ロクでなし魔術講師と禁忌教典,Lecture VI,,,,
視聴済み,TARI TARI,第9話,,,,
視聴済み,テレビアニメ「鬼滅の刃」刀鍛冶の里編,第十一話,○,,,
視聴済み,SPY×FAMILY Season 2,【MISSION：37】,○,,,
視聴済み,るろうに剣心 －明治剣客浪漫譚－,第二十四話,,,,
視聴済み,スライム倒して300年、知らないうちにレベルMAXになってました,第3話,○,,,
視聴済み,16bitセンセーション ANOTHER LAYER,Layer 1,,,,
視聴済み,Re:ゼロから始める異世界生活 Memory Snow,本編,○,,,
視聴済み,ソードアート・オンラインⅡ,第3話,○,,,好む
視聴済み,豚のレバーは加熱しろ,第3話,,,,
視聴済み,【推しの子】,第11話,○,,,
視聴済み,ソードアート・オンライン,第12話,○,,,好む
視聴済み,ダンジョンに出会いを求めるのは間違っているだろうかⅢ OVA,本編,○,,,
視聴済み,ダンジョンに出会いを求めるのは間違っているだろうかⅡ OVA,本編,○,,,
視聴済み,ダンジョンに出会いを求めるのは間違っているだろうか OVA,本編,○,,,
視聴済み,盾の勇者の成り上がり Season 3,#01,,,,
視聴済み,ダンジョンに出会いを求めるのは間違っているだろうかⅢ,第12話,○,,,
視聴済み,ダンジョンに出会いを求めるのは間違っているだろうか,第13話,○,,,
視聴済み,恋愛ラボ,#02,,,,
視聴済み,じゃんたま PONG☆,第0話～第11話,○,,,
視聴済み,食戟のソーマ 餐ノ皿 OVA,第1話,○,,,
視聴済み,食戟のソーマ 弐ノ皿 OVA,第2話,○,,,
視聴済み,食戟のソーマ OVA,第2話,○,,,
視聴済み,響け！ユーフォニアム,第八回,,,,
視聴済み,無職転生 ～異世界行ったら本気だす～,第2話,,,,
視聴済み,無職転生Ⅱ ～異世界行ったら本気だす～,第2話,,,,
視聴済み,機動戦士ガンダム 水星の魔女,第23話,,,,
視聴済み,とある科学の超電磁砲S,第23話,○,,,
視聴済み,とある科学の超電磁砲T,第25話,○,,,
視聴済み,岸辺露伴は動かない,六壁坂,,,,
視聴済み,みなみけ,第10話,○,,○,
視聴済み,ジョジョの奇妙な冒険 ダイヤモンドは砕けない,第14話,,,,
視聴済み,みなみけ ただいま,第1話,,,,
視聴済み,みなみけ おかえり,第1話,,,,
視聴済み,みなみけ おかわり,1杯目,,,,
視聴済み,銀魂 (3年目),第124話,,,,
視聴済み,俺の妹がこんなに可愛いわけがない。,第11話,,,,
視聴済み,ポケットモンスター（2023）,第1話,,,,
視聴済み,K,第8話,○,,,
視聴済み,ちいかわ シーズン1,第1話~第15話,,,,
視聴済み,トニカクカワイイ,#12,○,,,
視聴済み,かぐや様は告らせたい-ファーストキッスは終わらない-,第4話,○,,,
視聴済み,人間不信の冒険者たちが世界を救うようです,第1話,,,,
視聴済み,言の葉の庭,本編,○,,,
視聴済み,痛いのは嫌なので防御力に極振りしたいと思います。2,第7話,,,,
視聴済み,転生王女と天才令嬢の魔法革命,第9話,,,,
視聴済み,スパイ教室,第1話,,,,
視聴済み,劇場版 魔法科高校の劣等生 星を呼ぶ少女,Chapter.3,○,,,
視聴済み,サマータイムレンダ,#25,○,,,
視聴済み,るろうに剣心 ‐明治剣客浪漫譚‐維新志士への鎮魂歌,Chapter.1,,,,
視聴済み,るろうに剣心 ‐明治剣客浪漫譚‐追憶編,第四幕,○,,,
視聴済み,魔法科高校の劣等生 来訪者編,episode13,○,,,
視聴済み,女子高生の無駄づかい,第12話,○,,,
視聴済み,PSYCHO-PASS サイコパス 3,#6 Chapter.2,○,,,
視聴済み,PSYCHO-PASS サイコパス 2,第11話,○,,,
視聴済み,PSYCHO-PASS サイコパス,#22,○,,,
視聴済み,魔王学院の不適合者 Ⅱ ～史上最強の魔王の始祖、転生して子孫たちの学校へ通う～,第1話,,,,
視聴済み,チェンソーマン,第3話,,,,
視聴済み,エロマンガ先生,#8,,,,
視聴済み,ぼっち・ざ・ろっく！,#12,○,,,
視聴済み,劇場版「メイドインアビス 深き魂の黎明」,Chapter.7,○,,,
視聴済み,メイドインアビス,第13話,○,,,
視聴済み,輪るピングドラム,第1駅,○,,,
視聴済み,とある科学の超電磁砲,第24話,,,,
視聴済み,SPY×FAMILY,【MISSION：21】,,,,
視聴済み,痛いのは嫌なので防御力に極振りしたいと思います。,第12話,○,,,
視聴済み,ユリ熊嵐,Episode12,○,,,
視聴済み,うる星やつら,第3話,,,,
視聴済み,ソードアート・オンライン アリシゼーション War of Underworld,#23,○,,,好む
視聴済み,ソードアート・オンライン アリシゼーション,第24話,,,,好む
視聴済み,劇場版 ソードアート・オンライン -オーディナル・スケール-,Chapter.6,○,,,
視聴済み,暗殺教室(第2期),第二十五話,○,,,
視聴済み,暗殺教室,第22話,○,,,
視聴済み,這いよれ！ニャル子さん,第2話,,,,
視聴済み,オーバーロードⅣ,第3話,,,,好まない
視聴済み,オーバーロードⅢ,第7話,,,,好まない
視聴済み,コードギアス 反逆のルルーシュⅠ 興道,本編,○,,,
視聴済み,忍たま乱太郎 第16シリーズ,第99話／第100話,○,,,
視聴済み,パリピ孔明,第12話,○,,,
視聴済み,咲-Saki-,第7話,,,,
視聴済み,劇場版アニメ 忍たま乱太郎 忍術学園 全員出動！の段,Chapter.4,○,,,
視聴済み,カッコウの許嫁,1羽目,,,,
視聴済み,天元突破グレンラガン,第27話,○,,,
視聴済み,処刑少女の生きる道,第3話,,,,
視聴済み,盾の勇者の成り上がり Season 2,04,,,,
視聴済み,かぐや様は告らせたい-ウルトラロマンティック-,第1話,,,,
視聴済み,ふたりはプリキュア,第2話,,,,
視聴済み,魔法使い黎明期,第1話,,,,
視聴済み,史上最強の大魔王、村人Aに転生する,1,,,,
視聴済み,テレビアニメ「鬼滅の刃」遊郭編,第十一話,,,,
視聴済み,明日ちゃんのセーラー服,第一話,,,,
視聴済み,失格紋の最強賢者,第1話,,,,
視聴済み,ありふれた職業で世界最強 2nd season,第5話,,,,
視聴済み,賢者の弟子を名乗る賢者,第4話,,,,
視聴済み,プリティーリズム・レインボーライブ,#09,○,,,
視聴済み,180秒で君の耳を幸せにできるか？,#１～#6,,,,
視聴済み,世界最高の暗殺者、異世界貴族に転生する,#12,○,,,
視聴済み,半妖の夜叉姫,第1話,,,,
視聴済み,舞妓さんちのまかないさん,第1話～第2話,,,,
視聴済み,キルミーベイベー,キルその4,,,,
視聴済み,最果てのパラディン,第1話,,,,
視聴済み,宇宙よりも遠い場所,STAGE7,○,,,
視聴済み,中高一貫！！キメツ学園物語,#2,,,,
視聴済み,大正オトメ御伽話,第9話,,,,
視聴済み,テレビアニメ「鬼滅の刃」無限列車編,第七話,○,,,
視聴済み,冴えない彼女の育てかた,#9,○,,,
視聴済み,結城友奈は勇者である -大満開の章-,第1話,,,,
視聴済み,先輩がうざい後輩の話,#1,,,,
視聴済み,食戟のソーマ,第24話,○,,,
視聴済み,食戟のソーマ 神ノ皿,第12話,○,,,
視聴済み,食戟のソーマ 餐ノ皿「遠月列車篇」,第24話,○,,,
視聴済み,真の仲間じゃないと勇者のパーティーを追い出されたので、辺境でスローライフすることにしました,第1話,,,,
視聴済み,食戟のソーマ 餐ノ皿,第12話,○,,,
視聴済み,食戟のソーマ 弐ノ皿,第13話,○,,,
視聴済み,進化の実～知らないうちに勝ち組人生～,第1話,,,,
視聴済み,キノの旅-the Beautiful World-,第1話,,,,
視聴済み,精霊幻想記,第12話,○,,,
視聴済み,転生したらスライムだった件 第2期,第48話,,,,
視聴済み,出会って5秒でバトル,第10話,,,,
視聴済み,kiss×sis,第3話,,,,
視聴済み,明治東亰恋伽,第12話,○,,,
視聴済み,NEW GAME!!,第12話,,,,
視聴済み,のんのんびより,第1話,,,,
視聴済み,色づく世界の明日から,第一話,○,,,
視聴済み,刀使ノ巫女 刻みし一閃の燈火,後編,○,,,
視聴済み,迷宮ブラックカンパニー,第7話,,,,
視聴済み,超人高校生たちは異世界でも余裕で生き抜くようです！,第12話,○,,,
視聴済み,ゾンビランドサガ,第12話,○,,,
視聴済み,探偵はもう、死んでいる。,第7話,,,,
視聴済み,フォトカノ,第1話,,,,
視聴済み,女神寮の寮母くん。風紀まもるくんシースルーバージョン,#04,,,,
視聴済み,ジョジョの奇妙な冒険 黄金の風,Episodio 01,,,,
視聴済み,男子高校生の日常,第1話,,,,
視聴済み,白い砂のアクアトープ,第2話,,,,
視聴済み,カノジョも彼女,第5話,,,,
視聴済み,RE-MAIN（リメイン）,第4話,,,,
視聴済み,ヴァニタスの手記,第3話,,,,
視聴済み,キノの旅 -the Beautiful World- the Animated Series,第12話,,,,
視聴済み,灼熱カバディ,第9話,,,,
視聴済み,小林さんちのメイドラゴンS,第3話,,,,
視聴済み,死神坊ちゃんと黒メイド,第1話,,,,
視聴済み,うらみちお兄さん,第2話,,,,
視聴済み,慎重勇者～この勇者が俺ＴＵＥＥＥくせに慎重すぎる～,第4話,○,,,
視聴済み,月が導く異世界道中,第一夜,,,,
視聴済み,チート薬師のスローライフ～異世界に作ろうドラッグストア～,第1話,,,,
視聴済み,天官賜福,第一話,,,,
視聴済み,ひげを剃る。そして女子高生を拾う。,第13話,○,,,
視聴済み,乙女ゲームの破滅フラグしかない悪役令嬢に転生してしまった…Ｘ,第1話,,,,
視聴済み,憂国のモリアーティ,#24,,,,
視聴済み,魔女の旅々,第9話,○,,,
視聴済み,Vivy -Fluorite Eye's Song-,13話,,,,
視聴済み,戦闘員、派遣します！,第十二話,○,,,
視聴済み,みるタイツ,第1話～第3話,,,,
視聴済み,刀使ノ巫女,第7話,○,,,
視聴済み,ガヴリールドロップアウト,第12話,○,,,
視聴済み,劇場版 生徒会役員共,Chapter.1,○,,,
視聴済み,映画 この素晴らしい世界に祝福を！紅伝説,Chapter.6,○,,,
視聴済み,それが声優！,第13話,○,,,
視聴済み,ミニドラ,第2話,○,,,
視聴済み,冴えない彼女の育てかた Fine,Chapter.5,○,,,
視聴済み,転生したらスライムだった件 転スラ日記,11日記,,,,
視聴済み,けいおん！,#1,,,,
視聴済み,異世界魔王と召喚少女の奴隷魔術Ω,第10話,,,,
視聴済み,おちこぼれフルーツタルト,第5話,○,,,
視聴済み,かぐや様は告らせたい？～天才たちの恋愛頭脳戦～,第7話,,,,
視聴済み,呪術廻戦,第23話,○,,,
視聴済み,聖女の魔力は万能です,EPISODE02,,,,
視聴済み,不滅のあなたへ,第2話,,,,
視聴済み,やくならマグカップも,第3話,,,,
視聴済み,ドラゴン、家を買う。,1軒目,,,,
視聴済み,究極進化したフルダイブRPGが現実よりもクソゲーだったら,第2話,,,,
視聴済み,バクテン!!,#02,,,,
視聴済み,シャドーハウス,第1話,,,,
視聴済み,TVアニメ「スーパーカブ」,#1,,,,
視聴済み,セブンナイツレボリューション-英雄の継承者-,第1話,,,,
視聴済み,MARS RED,#01,,,,
視聴済み,ウマ娘 プリティーダービー,第9Ｒ,,,,
視聴済み,とある科学の超電磁砲 OVA,本編,○,,,
視聴済み,異世界魔王と召喚少女の奴隷魔術～マジ魔王Ver～,第6話,,,,
視聴済み,異世界魔王と召喚少女の奴隷魔術,第2話,,,,
視聴済み,俺だけ入れる隠しダンジョン,第12話,○,,,
視聴済み,新サクラ大戦 the Animation,第一話,,,,
視聴済み,犬と猫どっちも飼ってると毎日たのしい,#17-24,○,,,
視聴済み,Re:ゼロから始める異世界生活 2nd season,50話,○,,,
視聴済み,小林さんちのメイドラゴン,第12話,,,,
視聴済み,Re:ゼロから始める異世界生活,新編集版 3話,,,,
視聴済み,はたらく細胞!!,第7話,,,,
視聴済み,問題児たちが異世界から来るそうですよ?,第9話,,,,
視聴済み,怪物事変,第四話,,,,
視聴済み,くまクマ熊ベアー,#08,,,,
視聴済み,魔道祖師,前塵編 第三話,,,,
視聴済み,たとえばラストダンジョン前の村の少年が序盤の街で暮らすような物語,第3話,,,,
視聴済み,裏世界ピクニック,第3話,,,,
視聴済み,クソゲーって言うな！アニメーション,第7話～第12話,○,,,
視聴済み,＜Infinite Dendrogram＞-インフィニット・デンドログラム-,第4話,,,,
視聴済み,はたらく細胞BLACK,第2話,,,,
視聴済み,プレイタの傷,第1話,,,,
視聴済み,弱キャラ友崎くん,Lv.1,,,,
視聴済み,蜘蛛ですが、なにか？,第1話,,,,
視聴済み,オルタンシア・サーガ,第2話,,,,
視聴済み,回復術士のやり直し,第一話,,,,
視聴済み,文豪ストレイドッグス わん！,#01,,,,
視聴済み,私、能力は平均値でって言ったよね！,＃４,○,,,
視聴済み,キングスレイド 意志を継ぐものたち,第1話,,,,
視聴済み,まよチキ!,第4話,,,,
視聴済み,異世界かるてっと２,第12話,,,,
視聴済み,ピーター・グリルと賢者の時間 通常ver.,第12話,○,,,
視聴済み,CANAAN,＃13,○,,,
視聴済み,消滅都市,第4話,,,,
視聴済み,レヱル・ロマネスク,第1話～第3話,,,,
視聴済み,荒ぶる季節の乙女どもよ。,第1話,,,,
視聴済み,甘城ブリリアントパーク,第13話,○,,,
視聴済み,アニマエール！,#3,,,,
視聴済み,ダンベル何キロ持てる？,第3話,,,,
視聴済み,さくら荘のペットな彼女,第10話,,,,
視聴済み,まちカドまぞく,第4話,,,,
視聴済み,咲-Saki- 阿知賀編 episode of side-A,第12局,,,,
視聴済み,ダーウィンズゲーム,第1話 前編,,,,
視聴済み,ご注文はうさぎですか？ BLOOM,第2羽,,,,
視聴済み,グランクレスト戦記,第1話,,,,
視聴済み,アルスラーン戦記 風塵乱舞,第八章,○,,,
視聴済み,アルスラーン戦記,第二十五章,○,,,
視聴済み,冴えない彼女の育てかた♭,#11,○,,,
視聴済み,涼宮ハルヒの消失,本編,○,,,
視聴済み,涼宮ハルヒの憂鬱(2009年放送版),第2話,,,,
視聴済み,神様になった日,#11,,,,
視聴済み,安達としまむら,第1話,,,,
視聴済み,堀江由衣をめぐる冒険 Ⅱ ～武道館で舞踏会～ Q&A,Chapter.1,,,,
視聴済み,戦翼のシグルドリーヴァ,第10話,,,,
視聴済み,灼眼のシャナ,第4話,,,,
視聴済み,テレビアニメ「鬼滅の刃」竈門炭治郎 立志編,第二十一話,○,,,
視聴済み,ラブライブ！虹ヶ咲学園スクールアイドル同好会,第1話,,,,
視聴済み,まえせつ！,第0幕,,,,
視聴済み,キミと僕の最後の戦場、あるいは世界が始まる聖戦,第9話,,,,
視聴済み,ノーゲーム・ノーライフ,第12話,○,,,
視聴済み,ノーゲーム・ノーライフ ゼロ,chapter.4,○,,,
視聴済み,ベルゼブブ嬢のお気に召すまま。,第1話,,,,
視聴済み,Re:ゼロから始める異世界生活 氷結の絆,Chapter.4,○,,,
視聴済み,生徒会役員共,第4話,,,,
視聴済み,ニセコイ,第4話,,,,
視聴済み,IS<インフィニット・ストラトス>,第3話,,,,
視聴済み,よんでますよ、アザゼルさん。Z,第13話,○,,,
視聴済み,よんでますよ、アザゼルさん。,第13話,○,,,
視聴済み,「メジャーセカンド」第２シリーズ,第25話,○,,,
視聴済み,いわかける！- Sport Climbing Girls -,第1話,,,,
視聴済み,〈物語〉シリーズ セカンドシーズン（第21話～第26話） 恋物語,第26話,○,,,
視聴済み,〈物語〉シリーズ セカンドシーズン（第1話～第5話） 猫物語(白),第5話,○,,,
視聴済み,猫物語(黒),第四話,○,,,
視聴済み,魔王城でおやすみ,第4夜,,,,
視聴済み,偽物語,第11話,○,,,
視聴済み,〈物語〉シリーズ セカンドシーズン（第7話～第10話） 傾物語,第7話,○,,,
視聴済み,化物語,第十五話,○,,,
視聴済み,100万の命の上に俺は立っている,第5話,,,,
視聴済み,終物語,第12話,○,,,
視聴済み,神達に拾われた男,第1話,,,,
視聴済み,宇宙兄弟,第48話,,,,
視聴済み,我が家のお稲荷さま。,第一話,,,,
視聴済み,ストライクウィッチーズ ROAD to BERLIN,第1話,,,,
視聴済み,戦翼のシグルドリーヴァ おじさんコメンタリー,第1話,,,,
視聴済み,トリニティセブン,第5話,,,,
視聴済み,ハッピーシュガーライフ,1st Life,,,,
視聴済み,食戟のソーマ 豪ノ皿,第13話,○,,,
視聴済み,宇崎ちゃんは遊びたい！,第12話,○,,,
視聴済み,魔王学院の不適合者 ～史上最強の魔王の始祖、転生して子孫たちの学校へ通う～,第13話,○,,,
視聴済み,放課後ていぼう日誌,れぽーと12,○,,,
視聴済み,Angel Beats!,第10話,,,,
視聴済み,棺姫のチャイカ AVENGING BATTLE,第10話,○,,,
視聴済み,ブラック・ブレット,第9話,,,,
視聴済み,D.C.～ダ・カーポ～,第1話,,,,
視聴済み,放課後さいころ倶楽部,第1話,,,,
視聴済み,Charlotte,第二話,○,,,
視聴済み,ようこそ実力至上主義の教室へ,第7話,,,,
視聴済み,Myself ; Yourself,#1,,,,
視聴済み,Kanon,第1話,,,,
視聴済み,魔法少女育成計画,第1話,,,,
視聴済み,銀魂 (2年目),第50話,,,,
視聴済み,ドメスティックな彼女,第10話,○,,,
視聴済み,劇場版響け！ユーフォニアム～届けたいメロディ～,Chapter.4,○,,,
視聴済み,劇場版響け！ユーフォニアム～北宇治高校吹奏楽部へようこそ～,Chapter.4,○,,,
視聴済み,天晴爛漫！,第八話,,,,
視聴済み,「メジャーセカンド」第１シリーズ,#25,○,,,
視聴済み,モンスター娘のお医者さん,第1話,,,,
視聴済み,Daydream cafe/Petit Rabbit's（佐倉綾音、水瀬いのり、種田梨沙、佐藤聡美、内田真礼）,本編,○,,,
視聴済み,私に天使が舞い降りた！,第1話,,,,
視聴済み,アマガミSS,第16話,,,,
視聴済み,ソードアート・オンライン Extra Edition,Chapter.4,○,,,
視聴済み,彼女、お借りします,第1話,,,,
視聴済み,虚構推理,第一話,,,,
視聴済み,セイレン,第1話,,,,
視聴済み,かぐや様は告らせたい～天才たちの恋愛頭脳戦～,第2話,,,,
視聴済み,灼眼のシャナⅡ(Second),第5話,,,,
視聴済み,緋弾のアリア,第12弾,○,,,
視聴済み,To LOVEる-とらぶる-ダークネス,第1話,,,,
視聴済み,プリティーリズム・オーロラドリーム,第15話,,,,
視聴済み,かくしごと,第12話,○,,,
視聴済み,フルーツバスケット 2nd season,＃１１,,,,
視聴済み,異種族レビュアーズ,第12話,○,,,
視聴済み,乙女ゲームの破滅フラグしかない悪役令嬢に転生してしまった…,第11話,,,,
視聴済み,WHITE ALBUM,第四頁,,,,
視聴済み,プリンセスコネクト！Re:Dive,Menu 9,,,,
視聴済み,はたらく魔王さま！,第10話,,,,
視聴済み,犬とハサミは使いよう,#12,○,,,
視聴済み,生徒会役員共 番外編,#6,,,,
視聴済み,八男って、それはないでしょう！,第1話,,,,
視聴済み,白猫プロジェクト ZERO CHRONICLE,第8話,,,,
視聴済み,イエスタデイをうたって,scene01,,,,
視聴済み,無限の住人,第一幕,,,,
視聴済み,文豪とアルケミスト ～審判ノ歯車～,第1話,,,,
視聴済み,フルーツバスケット,第一話,,,,
視聴済み,フルーツバスケット 1st season,＃２５,○,,,
視聴済み,あの日見た花の名前を僕達はまだ知らない。,第2話,,,,
視聴済み,社長、バトルの時間です！,第1話,,,,
視聴済み,五等分の花嫁スペシャルイベント,chapter.4,○,,,
視聴済み,旦那が何を言っているかわからない件 2スレ目,#09～#13,○,,,
視聴済み,旦那が何を言っているかわからない件,#9～#13,○,,,
視聴済み,劇場版 ダンジョンに出会いを求めるのは間違っているだろうか ―オリオンの矢―,Chapter.4,○,,,
視聴済み,灼熱の卓球娘,第一球,,,,
視聴済み,WORKING!!,2品目,,,,
視聴済み,花咲くいろは,第1話,,,,
視聴済み,本好きの下剋上～司書になるためには手段を選んでいられません～,第十七章,,,,好まない
視聴済み,異能バトルは日常系のなかで,第2話,,,,
視聴済み,生徒会役員共＊,第1話,,,,
視聴済み,盾の勇者の成り上がり,第7話,,,,
視聴済み,暦物語,第7話,○,,,
視聴済み,四月は君の嘘,第22話,○,,,
視聴済み,らき☆すたin武道館 あなたのためだから,ライブ第1部,,,,
視聴済み,響け！ユーフォニアム２,最終回,○,,,
視聴済み,「終物語」まよいヘル／ひたぎランデブー／おうぎダーク,第7話,○,,,
視聴済み,憑物語,第四話,○,,,
視聴済み,ロウきゅーぶ!,The 12th game,○,,,
視聴済み,宙のまにまに,第7話,,,,
視聴済み,映画 中二病でも恋がしたい！ -Take On Me-,Chapter.4,○,,,
視聴済み,恋する小惑星（アステロイド）,01.,,,,
視聴済み,NEW GAME!,第3話,,,,
視聴済み,プランダラ,第4話,,,,
視聴済み,おーばーふろぉ【オンエア版】,第1話～第4話,,,,
視聴済み,やはり俺の青春ラブコメはまちがっている。,第2話,,,,
気になる,Classroom☆Crisis,第1話,,○,,
気になる,フラグタイム,Chapter.1,,○,,
気になる,心が叫びたがってるんだ。,Chapter.1,,○,,
気になる,STEINS;GATE,第1話,,○,,
気になる,ふたりはプリキュア,第2話,,○,,
気になる,まりあ†ほりっく,第1章,,○,,
気になる,ストロベリー・パニック,第一話,,○,,
気になる,マリア様がみてる,第1話,,○,,
気になる,Fate/kaleid liner プリズマ☆イリヤ ツヴァイ！,第1話,,○,,
気になる,やがて君になる,第1話,,○,,
気になる,桜Trick,Trick1,,○,,
気になる,うらら迷路帖,一占,,○,,
気になる,風夏,第1話,,○,,
気になる,刀使ノ巫女,第7話,,○,,
気になる,我が家のお稲荷さま。,第二話,,○,,
気になる,OVA ハイスクール・フリート,前編,,○,,
マイリストのみ,少女革命ウテナ,,,,○,
視聴済み(dアニメ外),CLANNAD,全話完走,○,,,好む
外部(dアニメ外),東方Project 秘封倶楽部作品群,-,,,,好む(高い自認)
外部(小説),数学ガール（結城浩）,-,,,,好む(高い自認)
