work_id,title,media,platform,status,completed,interested,mylist,user_rating,last_episode,A情念,B関係,C手触り,D喪失,E思弁,F最適化,G知的密度,cluster,fit_score,tier,note
1,百姓貴族,アニメ,dアニメストア,視聴済み,1,0,0,,１２頭目,,,,,,,,,,,
2,百姓貴族 2nd Season,アニメ,dアニメストア,視聴済み,1,0,0,,２６頭目,,,,,,,,,,,
3,転生したらスライムだった件 第4期,アニメ,dアニメストア,視聴済み,0,0,0,,第85話,,,,,,,,,,,
4,劇場版 幼女戦記,アニメ,dアニメストア,視聴済み,1,0,0,,本編,,,,,,,,,,,
5,幼女戦記,アニメ,dアニメストア,視聴済み,1,0,0,,第12話,,,,,,,,,,,
6,アカメが斬る！,アニメ,dアニメストア,視聴済み,0,0,0,,第24話,,,,,,,,,,,
7,Dr.STONE SCIENCE FUTURE（第4期）,アニメ,dアニメストア,視聴済み,0,0,0,,第37話,,,,,,,,,,,
8,ようこそ実力至上主義の教室へ 4th Season 2年生編1学期,アニメ,dアニメストア,視聴済み,1,0,0,,第16話,,,,,,,,,,,
9,GATE(ゲート) 自衛隊 彼の地にて、斯く戦えり,アニメ,dアニメストア,視聴済み,1,0,0,,第24話,,,,,,,,,,,
10,ウィッチウォッチ,アニメ,dアニメストア,視聴済み,1,0,0,,第2話,,,,,,,,,,,
11,Re:ゼロから始める異世界生活 4th season,アニメ,dアニメストア,視聴済み,0,0,0,,#77,,,,,,,,,,,
12,左ききのエレン,アニメ,dアニメストア,視聴済み,0,0,0,,第8話,,,,,,,,,,,
13,姫騎士は蛮族の嫁,アニメ,dアニメストア,視聴済み,0,0,0,,第十話,,,,,,,,,,,
14,最強の王様、二度目の人生は何をする？,アニメ,dアニメストア,視聴済み,0,0,0,,第23話,,,,,,,,,,,
15,最強の職業は勇者でも賢者でもなく鑑定士（仮）らしいですよ？,アニメ,dアニメストア,視聴済み,0,0,0,,第5話,,,,,,,,,,,
16,春夏秋冬代行者 春の舞,アニメ,dアニメストア,視聴済み,0,0,0,,第壱話,,,,,,,,,,,
17,魔物喰らいの冒険者～俺だけ魔物を喰らって強くなる～,アニメ,dアニメストア,視聴済み,0,0,0,,第1話,,,,,,,,,,,
18,また殺されてしまったのですね、探偵様,アニメ,dアニメストア,視聴済み,0,0,0,,第2話,,,,,,,,,,,
19,電脳コイル デンノウコイル,アニメ,dアニメストア,視聴済み,1,0,0,好む,第1話,,,,,,,,,,,
20,東のエデン,アニメ,dアニメストア,視聴済み,0,0,0,好まない,第一話,,,,,,,,,,,
21,ようこそ実力至上主義の教室へ 3rd Season,アニメ,dアニメストア,視聴済み,1,0,0,,第4話,,,,,,,,,,,
22,ダンジョンに出会いを求めるのは間違っているだろうかⅣ,アニメ,dアニメストア,視聴済み,1,0,0,,深章 厄災篇 第22話,,,,,,,,,,,
23,この素晴らしい世界に祝福を！,アニメ,dアニメストア,視聴済み,1,0,0,,第6話,,,,,,,,,,,
24,この素晴らしい世界に爆焔を！,アニメ,dアニメストア,視聴済み,1,0,0,,第12話,,,,,,,,,,,
25,この素晴らしい世界に祝福を！２,アニメ,dアニメストア,視聴済み,1,0,0,,第4話,,,,,,,,,,,
26,この素晴らしい世界に祝福を！３,アニメ,dアニメストア,視聴済み,1,0,0,,第11話,,,,,,,,,,,
27,よわよわ先生 超よわよわver.,アニメ,dアニメストア,視聴済み,0,0,0,,Lesson.4,,,,,,,,,,,
28,逃げ上手の若君,アニメ,dアニメストア,視聴済み,1,0,0,,第九回,,,,,,,,,,,
29,ようこそ実力至上主義の教室へ 2nd Season,アニメ,dアニメストア,視聴済み,1,0,0,,第13話,,,,,,,,,,,
30,クラスで2番目に可愛い女の子と友だちになった,アニメ,dアニメストア,視聴済み,0,0,0,,#1,,,,,,,,,,,
31,天才王子の赤字国家再生術,アニメ,dアニメストア,視聴済み,1,0,0,,第12話,,,,,,,,,,,
32,【推しの子】第3期,アニメ,dアニメストア,視聴済み,1,0,0,,第35話,,,,,,,,,,,
33,闘牌伝説アカギ,アニメ,dアニメストア,視聴済み,1,0,0,,第26話,,,,,,,,,,,
34,葬送のフリーレン 第2期,アニメ,dアニメストア,視聴済み,1,0,0,,第38話,,,,,,,,,,,
35,天穂のサクナヒメ ココロワ稲作日誌,アニメ,dアニメストア,視聴済み,0,0,0,,前編,,,,,,,,,,,
36,Dr.STONE NEW WORLD（第3期）,アニメ,dアニメストア,視聴済み,1,0,0,,第22話,,,,,,,,,,,
37,幼女戦記 閑話『砂漠のパスタ大作戦』,アニメ,dアニメストア,視聴済み,1,0,0,,本編,,,,,,,,,,,
38,葬送のフリーレン,アニメ,dアニメストア,視聴済み,1,0,0,,第28話,,,,,,,,,,,
39,SPY×FAMILY Season 3,アニメ,dアニメストア,視聴済み,1,0,0,,【MISSION:50】,,,,,,,,,,,
40,ログ・ホライズン 第２シリーズ,アニメ,dアニメストア,視聴済み,1,0,0,,第25話,,,,,,,,,,,
41,ログ・ホライズン,アニメ,dアニメストア,視聴済み,1,0,0,,第25話,,,,,,,,,,,
42,銀河鉄道999 出発篇,アニメ,dアニメストア,視聴済み,0,0,0,好まない,第1話,,,,,,,,,,,
43,鋼の錬金術師,アニメ,dアニメストア,視聴済み,0,0,0,,第25話,,,,,,,,,,,
44,悪役令嬢転生おじさん,アニメ,dアニメストア,視聴済み,0,0,0,,第12話,,,,,,,,,,,
45,異世界かるてっと３,アニメ,dアニメストア,視聴済み,0,0,0,,第2話,,,,,,,,,,,
46,瑠璃の宝石,アニメ,dアニメストア,視聴済み,1,0,0,好む(高い自認),第13話,,,,,,,,,,,
47,逆境無頼カイジ 破戒録篇,アニメ,dアニメストア,視聴済み,1,0,0,,Bet.26,,,,,,,,,,,
48,逆境無頼カイジ,アニメ,dアニメストア,視聴済み,1,0,0,,第26話,,,,,,,,,,,
49,僕らはみんな河合荘,アニメ,dアニメストア,視聴済み,1,0,0,,第12話,,,,,,,,,,,
50,Dr.STONE 龍水,アニメ,dアニメストア,視聴済み,1,0,0,,本編,,,,,,,,,,,
51,Dr.STONE STONE WARS（第2期）,アニメ,dアニメストア,視聴済み,1,0,0,,第11話,,,,,,,,,,,
52,Dr.STONE（第1期）,アニメ,dアニメストア,視聴済み,1,0,0,,第24話,,,,,,,,,,,
53,魔法科高校の劣等生,アニメ,dアニメストア,視聴済み,1,0,0,,第26話,,,,,,,,,,,
54,ゲーセン少女と異文化交流,アニメ,dアニメストア,視聴済み,0,0,0,,第1話,,,,,,,,,,,
55,キミとアイドルプリキュア♪,アニメ,dアニメストア,視聴済み,0,0,0,,第23話,,,,,,,,,,,
56,薬屋のひとりごと,アニメ,dアニメストア,視聴済み,0,0,0,,第48話,,,,,,,,,,,
57,わんだふるぷりきゅあ！,アニメ,dアニメストア,視聴済み,1,0,0,,第50話,,,,,,,,,,,
58,リコリス・リコイル Friends are thieves of time.,アニメ,dアニメストア,視聴済み,1,0,0,,第6話,,,,,,,,,,,
59,ギャグマンガ日和GO,アニメ,dアニメストア,視聴済み,0,0,0,,第1話,,,,,,,,,,,
60,コードギアス 復活のルルーシュ,アニメ,dアニメストア,視聴済み,1,0,0,,本編,,,,,,,,,,,
61,コードギアス 反逆のルルーシュ R2,アニメ,dアニメストア,視聴済み,1,0,0,,FINAL TURN,,,,,,,,,,,
62,コードギアス 反逆のルルーシュ,アニメ,dアニメストア,視聴済み,1,0,0,,STAGE25,,,,,,,,,,,
63,Re:ゼロから始める異世界生活 3rd season,アニメ,dアニメストア,視聴済み,1,0,0,,第66話,,,,,,,,,,,
64,ダンジョンに出会いを求めるのは間違っているだろうかⅤ 豊穣の女神篇,アニメ,dアニメストア,視聴済み,1,0,0,,第15話,,,,,,,,,,,
65,サラリーマンが異世界に行ったら四天王になった話,アニメ,dアニメストア,視聴済み,0,0,0,,第1話,,,,,,,,,,,
66,もめんたりー・リリィ,アニメ,dアニメストア,視聴済み,0,0,0,,第1話,,,,,,,,,,,
67,わたしの幸せな結婚,アニメ,dアニメストア,視聴済み,0,0,0,,第10話,,,,,,,,,,,
68,ソードアート・オンライン オルタナティブ ガンゲイル・オンラインⅡ,アニメ,dアニメストア,視聴済み,1,0,0,,第12話,,,,,,,,,,,
69,その着せ替え人形は恋をする,アニメ,dアニメストア,視聴済み,0,0,0,,#1,,,,,,,,,,,
70,るろうに剣心 －明治剣客浪漫譚－ 京都動乱,アニメ,dアニメストア,視聴済み,0,0,0,,第二十八話,,,,,,,,,,,
71,赤髪の白雪姫,アニメ,dアニメストア,視聴済み,1,0,0,,第12話,,,,,,,,,,,
72,ソードアート・オンライン オルタナティブ ガンゲイル・オンライン,アニメ,dアニメストア,視聴済み,0,0,0,,#11,,,,,,,,,,,
73,『ガンゲイル・オンラインⅡ』緊急特番！-四人の証言-,アニメ,dアニメストア,視聴済み,1,0,0,,本編,,,,,,,,,,,
74,【推しの子】第2期,アニメ,dアニメストア,視聴済み,1,0,0,,第24話,,,,,,,,,,,
75,天穂のサクナヒメ,アニメ,dアニメストア,視聴済み,1,0,0,,第13話,,,,,,,,,,,
76,時々ボソッとロシア語でデレる隣のアーリャさん,アニメ,dアニメストア,視聴済み,1,0,0,,第12話,,,,,,,,,,,
77,転生したらスライムだった件 第3期,アニメ,dアニメストア,視聴済み,1,0,0,,第72話,,,,,,,,,,,
78,小市民シリーズ,アニメ,dアニメストア,視聴済み,0,0,0,,第10話,,,,,,,,,,,
79,烏は主を選ばない,アニメ,dアニメストア,視聴済み,0,0,0,,第19話,,,,,,,,,,,
80,なぜ僕の世界を誰も覚えていないのか？,アニメ,dアニメストア,視聴済み,0,0,0,,第9話,,,,,,,,,,,
81,俺は全てを【パリイ】する〜逆勘違いの世界最強は冒険者になりたい〜,アニメ,dアニメストア,視聴済み,0,0,0,,第10話,,,,,,,,,,,
82,狼と香辛料 MERCHANT MEETS THE WISE WOLF,アニメ,dアニメストア,視聴済み,0,0,0,,第21幕,,,,,,,,,,,
83,赤髪の白雪姫 2ndシーズン,アニメ,dアニメストア,視聴済み,1,0,0,,第15話,,,,,,,,,,,
84,負けヒロインが多すぎる！,アニメ,dアニメストア,視聴済み,0,0,0,,第6話,,,,,,,,,,,
85,魔導具師ダリヤはうつむかない,アニメ,dアニメストア,視聴済み,0,0,0,,第1話,,,,,,,,,,,
86,ダンジョンの中のひと,アニメ,dアニメストア,視聴済み,0,0,0,,第1話,,,,,,,,,,,
87,リコリス・リコイル,アニメ,dアニメストア,視聴済み,1,0,0,,第5話,,,,,,,,,,,
88,ログ・ホライズン 円卓崩壊,アニメ,dアニメストア,視聴済み,1,0,0,,第12話,,,,,,,,,,,
89,しかのこのこのここしたんたん,アニメ,dアニメストア,視聴済み,0,0,0,,第1話,,,,,,,,,,,
90,見える子ちゃん,アニメ,dアニメストア,視聴済み,1,0,0,,第十二話,,,,,,,,,,,
91,NieR:Automata Ver1.1a,アニメ,dアニメストア,視聴済み,0,0,0,,Chapter.1,,,,,,,,,,,
92,恋は双子で割り切れない,アニメ,dアニメストア,視聴済み,0,0,0,,第2話,,,,,,,,,,,
93,疑似ハーレム,アニメ,dアニメストア,視聴済み,0,0,0,,第2話,,,,,,,,,,,
94,異世界失格,アニメ,dアニメストア,視聴済み,0,0,0,,第二話,,,,,,,,,,,
95,ばいばい、アース,アニメ,dアニメストア,視聴済み,0,0,0,,第二楽章,,,,,,,,,,,
96,ハズレ枠の【状態異常スキル】で最強になった俺がすべてを蹂躙するまで,アニメ,dアニメストア,視聴済み,0,0,0,,第3話,,,,,,,,,,,
97,かつて魔法少女と悪は敵対していた。,アニメ,dアニメストア,視聴済み,0,0,0,,第2回,,,,,,,,,,,
98,義妹生活,アニメ,dアニメストア,視聴済み,0,0,0,,第3話,,,,,,,,,,,
99,多数欠,アニメ,dアニメストア,視聴済み,0,0,0,,第3話,,,,,,,,,,,
100,下の階には澪がいる,アニメ,dアニメストア,視聴済み,0,0,0,,第1話,,,,,,,,,,,
101,真夜中ぱんチ,アニメ,dアニメストア,視聴済み,0,0,0,,第2話,,,,,,,,,,,
102,Lv2からチートだった元勇者候補のまったり異世界ライフ,アニメ,dアニメストア,視聴済み,1,0,0,,episode.12,,,,,,,,,,,
103,ダンジョンに出会いを求めるのは間違っているだろうかⅡ,アニメ,dアニメストア,視聴済み,1,0,0,,第12話,,,,,,,,,,,
104,先輩はおとこのこ,アニメ,dアニメストア,視聴済み,0,0,0,,第1話,,,,,,,,,,,
105,響け！ユーフォニアム３,アニメ,dアニメストア,視聴済み,1,0,0,,第12話,,,,,,,,,,,
106,テレビアニメ「鬼滅の刃」柱稽古編,アニメ,dアニメストア,視聴済み,1,0,0,,第八話,,,,,,,,,,,
107,魔法科高校の劣等生 第3シーズン,アニメ,dアニメストア,視聴済み,1,0,0,,13,,,,,,,,,,,
108,ダンジョン飯,アニメ,dアニメストア,視聴済み,0,0,0,,第24話,,,,,,,,,,,
109,じゃんたま カン！！,アニメ,dアニメストア,視聴済み,0,0,0,,第4話,,,,,,,,,,,
110,出来損ないと呼ばれた元英雄は、実家から追放されたので好き勝手に生きることにした,アニメ,dアニメストア,視聴済み,0,0,0,,#1,,,,,,,,,,,
111,転生したら第七王子だったので、気ままに魔術を極めます,アニメ,dアニメストア,視聴済み,0,0,0,,第6話,,,,,,,,,,,
112,氷菓,アニメ,dアニメストア,視聴済み,0,0,0,,#20,,,,,,,,,,,
113,ブルーアーカイブ The Animation,アニメ,dアニメストア,視聴済み,0,0,0,,3話,,,,,,,,,,,
114,りゅうおうのおしごと！,アニメ,dアニメストア,視聴済み,1,0,0,,第十二局,,,,,,,,,,,
115,棺姫のチャイカ,アニメ,dアニメストア,視聴済み,1,0,0,,第7話,,,,,,,,,,,
116,魔法科高校の優等生,アニメ,dアニメストア,視聴済み,1,0,0,,13話,,,,,,,,,,,
117,魔法科高校の劣等生 追憶編,アニメ,dアニメストア,視聴済み,1,0,0,,Chapter.3,,,,,,,,,,,
118,とある科学の一方通行,アニメ,dアニメストア,視聴済み,0,0,0,,第7話,,,,,,,,,,,
119,継母の連れ子が元カノだった,アニメ,dアニメストア,視聴済み,1,0,0,,＃１２,,,,,,,,,,,
120,お兄ちゃんはおしまい！,アニメ,dアニメストア,視聴済み,1,0,0,,＃１２,,,,,,,,,,,
121,勇気爆発バーンブレイバーン,アニメ,dアニメストア,視聴済み,0,0,0,,第2話,,,,,,,,,,,
122,ソード・オラトリア ダンジョンに出会いを求めるのは間違っているだろうか外伝,アニメ,dアニメストア,視聴済み,1,0,0,,第四話,,,,,,,,,,,
123,姫様“拷問”の時間です,アニメ,dアニメストア,視聴済み,0,0,0,,第2話,,,,,,,,,,,
124,ロクでなし魔術講師と禁忌教典,アニメ,dアニメストア,視聴済み,0,0,0,,Lecture VI,,,,,,,,,,,
125,TARI TARI,アニメ,dアニメストア,視聴済み,0,0,0,,第9話,,,,,,,,,,,
126,テレビアニメ「鬼滅の刃」刀鍛冶の里編,アニメ,dアニメストア,視聴済み,1,0,0,,第十一話,,,,,,,,,,,
127,SPY×FAMILY Season 2,アニメ,dアニメストア,視聴済み,1,0,0,,【MISSION：37】,,,,,,,,,,,
128,るろうに剣心 －明治剣客浪漫譚－,アニメ,dアニメストア,視聴済み,0,0,0,,第二十四話,,,,,,,,,,,
129,スライム倒して300年、知らないうちにレベルMAXになってました,アニメ,dアニメストア,視聴済み,1,0,0,,第3話,,,,,,,,,,,
130,16bitセンセーション ANOTHER LAYER,アニメ,dアニメストア,視聴済み,0,0,0,,Layer 1,,,,,,,,,,,
131,Re:ゼロから始める異世界生活 Memory Snow,アニメ,dアニメストア,視聴済み,1,0,0,,本編,,,,,,,,,,,
132,ソードアート・オンラインⅡ,アニメ,dアニメストア,視聴済み,1,0,0,好む,第3話,,,,,,,,,,,
133,豚のレバーは加熱しろ,アニメ,dアニメストア,視聴済み,0,0,0,,第3話,,,,,,,,,,,
134,【推しの子】,アニメ,dアニメストア,視聴済み,1,0,0,,第11話,,,,,,,,,,,
135,ソードアート・オンライン,アニメ,dアニメストア,視聴済み,1,0,0,好む,第12話,,,,,,,,,,,
136,ダンジョンに出会いを求めるのは間違っているだろうかⅢ OVA,アニメ,dアニメストア,視聴済み,1,0,0,,本編,,,,,,,,,,,
137,ダンジョンに出会いを求めるのは間違っているだろうかⅡ OVA,アニメ,dアニメストア,視聴済み,1,0,0,,本編,,,,,,,,,,,
138,ダンジョンに出会いを求めるのは間違っているだろうか OVA,アニメ,dアニメストア,視聴済み,1,0,0,,本編,,,,,,,,,,,
139,盾の勇者の成り上がり Season 3,アニメ,dアニメストア,視聴済み,0,0,0,,#01,,,,,,,,,,,
140,ダンジョンに出会いを求めるのは間違っているだろうかⅢ,アニメ,dアニメストア,視聴済み,1,0,0,,第12話,,,,,,,,,,,
141,ダンジョンに出会いを求めるのは間違っているだろうか,アニメ,dアニメストア,視聴済み,1,0,0,,第13話,,,,,,,,,,,
142,恋愛ラボ,アニメ,dアニメストア,視聴済み,0,0,0,,#02,,,,,,,,,,,
143,じゃんたま PONG☆,アニメ,dアニメストア,視聴済み,1,0,0,,第0話～第11話,,,,,,,,,,,
144,食戟のソーマ 餐ノ皿 OVA,アニメ,dアニメストア,視聴済み,1,0,0,,第1話,,,,,,,,,,,
145,食戟のソーマ 弐ノ皿 OVA,アニメ,dアニメストア,視聴済み,1,0,0,,第2話,,,,,,,,,,,
146,食戟のソーマ OVA,アニメ,dアニメストア,視聴済み,1,0,0,,第2話,,,,,,,,,,,
147,響け！ユーフォニアム,アニメ,dアニメストア,視聴済み,0,0,0,,第八回,,,,,,,,,,,
148,無職転生 ～異世界行ったら本気だす～,アニメ,dアニメストア,視聴済み,0,0,0,,第2話,,,,,,,,,,,
149,無職転生Ⅱ ～異世界行ったら本気だす～,アニメ,dアニメストア,視聴済み,0,0,0,,第2話,,,,,,,,,,,
150,機動戦士ガンダム 水星の魔女,アニメ,dアニメストア,視聴済み,0,0,0,,第23話,,,,,,,,,,,
151,とある科学の超電磁砲S,アニメ,dアニメストア,視聴済み,1,0,0,,第23話,,,,,,,,,,,
152,とある科学の超電磁砲T,アニメ,dアニメストア,視聴済み,1,0,0,,第25話,,,,,,,,,,,
153,岸辺露伴は動かない,アニメ,dアニメストア,視聴済み,0,0,0,,六壁坂,,,,,,,,,,,
154,みなみけ,アニメ,dアニメストア,視聴済み,1,0,1,,第10話,,,,,,,,,,,
155,ジョジョの奇妙な冒険 ダイヤモンドは砕けない,アニメ,dアニメストア,視聴済み,0,0,0,,第14話,,,,,,,,,,,
156,みなみけ ただいま,アニメ,dアニメストア,視聴済み,0,0,0,,第1話,,,,,,,,,,,
157,みなみけ おかえり,アニメ,dアニメストア,視聴済み,0,0,0,,第1話,,,,,,,,,,,
158,みなみけ おかわり,アニメ,dアニメストア,視聴済み,0,0,0,,1杯目,,,,,,,,,,,
159,銀魂 (3年目),アニメ,dアニメストア,視聴済み,0,0,0,,第124話,,,,,,,,,,,
160,俺の妹がこんなに可愛いわけがない。,アニメ,dアニメストア,視聴済み,0,0,0,,第11話,,,,,,,,,,,
161,ポケットモンスター（2023）,アニメ,dアニメストア,視聴済み,0,0,0,,第1話,,,,,,,,,,,
162,K,アニメ,dアニメストア,視聴済み,1,0,0,,第8話,,,,,,,,,,,
163,ちいかわ シーズン1,アニメ,dアニメストア,視聴済み,0,0,0,,第1話~第15話,,,,,,,,,,,
164,トニカクカワイイ,アニメ,dアニメストア,視聴済み,1,0,0,,#12,,,,,,,,,,,
165,かぐや様は告らせたい-ファーストキッスは終わらない-,アニメ,dアニメストア,視聴済み,1,0,0,,第4話,,,,,,,,,,,
166,人間不信の冒険者たちが世界を救うようです,アニメ,dアニメストア,視聴済み,0,0,0,,第1話,,,,,,,,,,,
167,言の葉の庭,アニメ,dアニメストア,視聴済み,1,0,0,,本編,,,,,,,,,,,
168,痛いのは嫌なので防御力に極振りしたいと思います。2,アニメ,dアニメストア,視聴済み,0,0,0,,第7話,,,,,,,,,,,
169,転生王女と天才令嬢の魔法革命,アニメ,dアニメストア,視聴済み,0,0,0,,第9話,,,,,,,,,,,
170,スパイ教室,アニメ,dアニメストア,視聴済み,0,0,0,,第1話,,,,,,,,,,,
171,劇場版 魔法科高校の劣等生 星を呼ぶ少女,アニメ,dアニメストア,視聴済み,1,0,0,,Chapter.3,,,,,,,,,,,
172,サマータイムレンダ,アニメ,dアニメストア,視聴済み,1,0,0,,#25,,,,,,,,,,,
173,るろうに剣心 ‐明治剣客浪漫譚‐維新志士への鎮魂歌,アニメ,dアニメストア,視聴済み,0,0,0,,Chapter.1,,,,,,,,,,,
174,るろうに剣心 ‐明治剣客浪漫譚‐追憶編,アニメ,dアニメストア,視聴済み,1,0,0,,第四幕,,,,,,,,,,,
175,魔法科高校の劣等生 来訪者編,アニメ,dアニメストア,視聴済み,1,0,0,,episode13,,,,,,,,,,,
176,女子高生の無駄づかい,アニメ,dアニメストア,視聴済み,1,0,0,,第12話,,,,,,,,,,,
177,PSYCHO-PASS サイコパス 3,アニメ,dアニメストア,視聴済み,1,0,0,,#6 Chapter.2,,,,,,,,,,,
178,PSYCHO-PASS サイコパス 2,アニメ,dアニメストア,視聴済み,1,0,0,,第11話,,,,,,,,,,,
179,PSYCHO-PASS サイコパス,アニメ,dアニメストア,視聴済み,1,0,0,,#22,,,,,,,,,,,
180,魔王学院の不適合者 Ⅱ ～史上最強の魔王の始祖、転生して子孫たちの学校へ通う～,アニメ,dアニメストア,視聴済み,0,0,0,,第1話,,,,,,,,,,,
181,チェンソーマン,アニメ,dアニメストア,視聴済み,0,0,0,,第3話,,,,,,,,,,,
182,エロマンガ先生,アニメ,dアニメストア,視聴済み,0,0,0,,#8,,,,,,,,,,,
183,ぼっち・ざ・ろっく！,アニメ,dアニメストア,視聴済み,1,0,0,,#12,,,,,,,,,,,
184,劇場版「メイドインアビス 深き魂の黎明」,アニメ,dアニメストア,視聴済み,1,0,0,,Chapter.7,,,,,,,,,,,
185,メイドインアビス,アニメ,dアニメストア,視聴済み,1,0,0,,第13話,,,,,,,,,,,
186,輪るピングドラム,アニメ,dアニメストア,視聴済み,1,0,0,,第1駅,,,,,,,,,,,
187,とある科学の超電磁砲,アニメ,dアニメストア,視聴済み,0,0,0,,第24話,,,,,,,,,,,
188,SPY×FAMILY,アニメ,dアニメストア,視聴済み,0,0,0,,【MISSION：21】,,,,,,,,,,,
189,痛いのは嫌なので防御力に極振りしたいと思います。,アニメ,dアニメストア,視聴済み,1,0,0,,第12話,,,,,,,,,,,
190,ユリ熊嵐,アニメ,dアニメストア,視聴済み,1,0,0,,Episode12,,,,,,,,,,,
191,うる星やつら,アニメ,dアニメストア,視聴済み,0,0,0,,第3話,,,,,,,,,,,
192,ソードアート・オンライン アリシゼーション War of Underworld,アニメ,dアニメストア,視聴済み,1,0,0,好む,#23,,,,,,,,,,,
193,ソードアート・オンライン アリシゼーション,アニメ,dアニメストア,視聴済み,0,0,0,好む,第24話,,,,,,,,,,,
194,劇場版 ソードアート・オンライン -オーディナル・スケール-,アニメ,dアニメストア,視聴済み,1,0,0,,Chapter.6,,,,,,,,,,,
195,暗殺教室(第2期),アニメ,dアニメストア,視聴済み,1,0,0,,第二十五話,,,,,,,,,,,
196,暗殺教室,アニメ,dアニメストア,視聴済み,1,0,0,,第22話,,,,,,,,,,,
197,這いよれ！ニャル子さん,アニメ,dアニメストア,視聴済み,0,0,0,,第2話,,,,,,,,,,,
198,オーバーロードⅣ,アニメ,dアニメストア,視聴済み,0,0,0,好まない,第3話,,,,,,,,,,,
199,オーバーロードⅢ,アニメ,dアニメストア,視聴済み,0,0,0,好まない,第7話,,,,,,,,,,,
200,コードギアス 反逆のルルーシュⅠ 興道,アニメ,dアニメストア,視聴済み,1,0,0,,本編,,,,,,,,,,,
201,忍たま乱太郎 第16シリーズ,アニメ,dアニメストア,視聴済み,1,0,0,,第99話／第100話,,,,,,,,,,,
202,パリピ孔明,アニメ,dアニメストア,視聴済み,1,0,0,,第12話,,,,,,,,,,,
203,咲-Saki-,アニメ,dアニメストア,視聴済み,0,0,0,,第7話,,,,,,,,,,,
204,劇場版アニメ 忍たま乱太郎 忍術学園 全員出動！の段,アニメ,dアニメストア,視聴済み,1,0,0,,Chapter.4,,,,,,,,,,,
205,カッコウの許嫁,アニメ,dアニメストア,視聴済み,0,0,0,,1羽目,,,,,,,,,,,
206,天元突破グレンラガン,アニメ,dアニメストア,視聴済み,1,0,0,,第27話,,,,,,,,,,,
207,処刑少女の生きる道,アニメ,dアニメストア,視聴済み,0,0,0,,第3話,,,,,,,,,,,
208,盾の勇者の成り上がり Season 2,アニメ,dアニメストア,視聴済み,0,0,0,,04,,,,,,,,,,,
209,かぐや様は告らせたい-ウルトラロマンティック-,アニメ,dアニメストア,視聴済み,0,0,0,,第1話,,,,,,,,,,,
210,ふたりはプリキュア,アニメ,dアニメストア,視聴済み,0,0,0,,第2話,,,,,,,,,,,
211,魔法使い黎明期,アニメ,dアニメストア,視聴済み,0,0,0,,第1話,,,,,,,,,,,
212,史上最強の大魔王、村人Aに転生する,アニメ,dアニメストア,視聴済み,0,0,0,,1,,,,,,,,,,,
213,テレビアニメ「鬼滅の刃」遊郭編,アニメ,dアニメストア,視聴済み,0,0,0,,第十一話,,,,,,,,,,,
214,明日ちゃんのセーラー服,アニメ,dアニメストア,視聴済み,0,0,0,,第一話,,,,,,,,,,,
215,失格紋の最強賢者,アニメ,dアニメストア,視聴済み,0,0,0,,第1話,,,,,,,,,,,
216,ありふれた職業で世界最強 2nd season,アニメ,dアニメストア,視聴済み,0,0,0,,第5話,,,,,,,,,,,
217,賢者の弟子を名乗る賢者,アニメ,dアニメストア,視聴済み,0,0,0,,第4話,,,,,,,,,,,
218,プリティーリズム・レインボーライブ,アニメ,dアニメストア,視聴済み,1,0,0,,#09,,,,,,,,,,,
219,180秒で君の耳を幸せにできるか？,アニメ,dアニメストア,視聴済み,0,0,0,,#１～#6,,,,,,,,,,,
220,世界最高の暗殺者、異世界貴族に転生する,アニメ,dアニメストア,視聴済み,1,0,0,,#12,,,,,,,,,,,
221,半妖の夜叉姫,アニメ,dアニメストア,視聴済み,0,0,0,,第1話,,,,,,,,,,,
222,舞妓さんちのまかないさん,アニメ,dアニメストア,視聴済み,0,0,0,,第1話～第2話,,,,,,,,,,,
223,キルミーベイベー,アニメ,dアニメストア,視聴済み,0,0,0,,キルその4,,,,,,,,,,,
224,最果てのパラディン,アニメ,dアニメストア,視聴済み,0,0,0,,第1話,,,,,,,,,,,
225,宇宙よりも遠い場所,アニメ,dアニメストア,視聴済み,1,0,0,,STAGE7,,,,,,,,,,,
226,中高一貫！！キメツ学園物語,アニメ,dアニメストア,視聴済み,0,0,0,,#2,,,,,,,,,,,
227,大正オトメ御伽話,アニメ,dアニメストア,視聴済み,0,0,0,,第9話,,,,,,,,,,,
228,テレビアニメ「鬼滅の刃」無限列車編,アニメ,dアニメストア,視聴済み,1,0,0,,第七話,,,,,,,,,,,
229,冴えない彼女の育てかた,アニメ,dアニメストア,視聴済み,1,0,0,,#9,,,,,,,,,,,
230,結城友奈は勇者である -大満開の章-,アニメ,dアニメストア,視聴済み,0,0,0,,第1話,,,,,,,,,,,
231,先輩がうざい後輩の話,アニメ,dアニメストア,視聴済み,0,0,0,,#1,,,,,,,,,,,
232,食戟のソーマ,アニメ,dアニメストア,視聴済み,1,0,0,,第24話,,,,,,,,,,,
233,食戟のソーマ 神ノ皿,アニメ,dアニメストア,視聴済み,1,0,0,,第12話,,,,,,,,,,,
234,食戟のソーマ 餐ノ皿「遠月列車篇」,アニメ,dアニメストア,視聴済み,1,0,0,,第24話,,,,,,,,,,,
235,真の仲間じゃないと勇者のパーティーを追い出されたので、辺境でスローライフすることにしました,アニメ,dアニメストア,視聴済み,0,0,0,,第1話,,,,,,,,,,,
236,食戟のソーマ 餐ノ皿,アニメ,dアニメストア,視聴済み,1,0,0,,第12話,,,,,,,,,,,
237,食戟のソーマ 弐ノ皿,アニメ,dアニメストア,視聴済み,1,0,0,,第13話,,,,,,,,,,,
238,進化の実～知らないうちに勝ち組人生～,アニメ,dアニメストア,視聴済み,0,0,0,,第1話,,,,,,,,,,,
239,キノの旅-the Beautiful World-,アニメ,dアニメストア,視聴済み,0,0,0,,第1話,,,,,,,,,,,
240,精霊幻想記,アニメ,dアニメストア,視聴済み,1,0,0,,第12話,,,,,,,,,,,
241,転生したらスライムだった件 第2期,アニメ,dアニメストア,視聴済み,0,0,0,,第48話,,,,,,,,,,,
242,出会って5秒でバトル,アニメ,dアニメストア,視聴済み,0,0,0,,第10話,,,,,,,,,,,
243,kiss×sis,アニメ,dアニメストア,視聴済み,0,0,0,,第3話,,,,,,,,,,,
244,明治東亰恋伽,アニメ,dアニメストア,視聴済み,1,0,0,,第12話,,,,,,,,,,,
245,NEW GAME!!,アニメ,dアニメストア,視聴済み,0,0,0,,第12話,,,,,,,,,,,
246,のんのんびより,アニメ,dアニメストア,視聴済み,0,0,0,,第1話,,,,,,,,,,,
247,色づく世界の明日から,アニメ,dアニメストア,視聴済み,1,0,0,,第一話,,,,,,,,,,,
248,刀使ノ巫女 刻みし一閃の燈火,アニメ,dアニメストア,視聴済み,1,0,0,,後編,,,,,,,,,,,
249,迷宮ブラックカンパニー,アニメ,dアニメストア,視聴済み,0,0,0,,第7話,,,,,,,,,,,
250,超人高校生たちは異世界でも余裕で生き抜くようです！,アニメ,dアニメストア,視聴済み,1,0,0,,第12話,,,,,,,,,,,
251,ゾンビランドサガ,アニメ,dアニメストア,視聴済み,1,0,0,,第12話,,,,,,,,,,,
252,探偵はもう、死んでいる。,アニメ,dアニメストア,視聴済み,0,0,0,,第7話,,,,,,,,,,,
253,フォトカノ,アニメ,dアニメストア,視聴済み,0,0,0,,第1話,,,,,,,,,,,
254,女神寮の寮母くん。風紀まもるくんシースルーバージョン,アニメ,dアニメストア,視聴済み,0,0,0,,#04,,,,,,,,,,,
255,ジョジョの奇妙な冒険 黄金の風,アニメ,dアニメストア,視聴済み,0,0,0,,Episodio 01,,,,,,,,,,,
256,男子高校生の日常,アニメ,dアニメストア,視聴済み,0,0,0,,第1話,,,,,,,,,,,
257,白い砂のアクアトープ,アニメ,dアニメストア,視聴済み,0,0,0,,第2話,,,,,,,,,,,
258,カノジョも彼女,アニメ,dアニメストア,視聴済み,0,0,0,,第5話,,,,,,,,,,,
259,RE-MAIN（リメイン）,アニメ,dアニメストア,視聴済み,0,0,0,,第4話,,,,,,,,,,,
260,ヴァニタスの手記,アニメ,dアニメストア,視聴済み,0,0,0,,第3話,,,,,,,,,,,
261,キノの旅 -the Beautiful World- the Animated Series,アニメ,dアニメストア,視聴済み,0,0,0,,第12話,,,,,,,,,,,
262,灼熱カバディ,アニメ,dアニメストア,視聴済み,0,0,0,,第9話,,,,,,,,,,,
263,小林さんちのメイドラゴンS,アニメ,dアニメストア,視聴済み,0,0,0,,第3話,,,,,,,,,,,
264,死神坊ちゃんと黒メイド,アニメ,dアニメストア,視聴済み,0,0,0,,第1話,,,,,,,,,,,
265,うらみちお兄さん,アニメ,dアニメストア,視聴済み,0,0,0,,第2話,,,,,,,,,,,
266,慎重勇者～この勇者が俺ＴＵＥＥＥくせに慎重すぎる～,アニメ,dアニメストア,視聴済み,1,0,0,,第4話,,,,,,,,,,,
267,月が導く異世界道中,アニメ,dアニメストア,視聴済み,0,0,0,,第一夜,,,,,,,,,,,
268,チート薬師のスローライフ～異世界に作ろうドラッグストア～,アニメ,dアニメストア,視聴済み,0,0,0,,第1話,,,,,,,,,,,
269,天官賜福,アニメ,dアニメストア,視聴済み,0,0,0,,第一話,,,,,,,,,,,
270,ひげを剃る。そして女子高生を拾う。,アニメ,dアニメストア,視聴済み,1,0,0,,第13話,,,,,,,,,,,
271,乙女ゲームの破滅フラグしかない悪役令嬢に転生してしまった…Ｘ,アニメ,dアニメストア,視聴済み,0,0,0,,第1話,,,,,,,,,,,
272,憂国のモリアーティ,アニメ,dアニメストア,視聴済み,0,0,0,,#24,,,,,,,,,,,
273,魔女の旅々,アニメ,dアニメストア,視聴済み,1,0,0,,第9話,,,,,,,,,,,
274,Vivy -Fluorite Eye's Song-,アニメ,dアニメストア,視聴済み,0,0,0,,13話,,,,,,,,,,,
275,戦闘員、派遣します！,アニメ,dアニメストア,視聴済み,1,0,0,,第十二話,,,,,,,,,,,
276,みるタイツ,アニメ,dアニメストア,視聴済み,0,0,0,,第1話～第3話,,,,,,,,,,,
277,刀使ノ巫女,アニメ,dアニメストア,視聴済み,1,0,0,,第7話,,,,,,,,,,,
278,ガヴリールドロップアウト,アニメ,dアニメストア,視聴済み,1,0,0,,第12話,,,,,,,,,,,
279,劇場版 生徒会役員共,アニメ,dアニメストア,視聴済み,1,0,0,,Chapter.1,,,,,,,,,,,
280,映画 この素晴らしい世界に祝福を！紅伝説,アニメ,dアニメストア,視聴済み,1,0,0,,Chapter.6,,,,,,,,,,,
281,それが声優！,アニメ,dアニメストア,視聴済み,1,0,0,,第13話,,,,,,,,,,,
282,ミニドラ,アニメ,dアニメストア,視聴済み,1,0,0,,第2話,,,,,,,,,,,
283,冴えない彼女の育てかた Fine,アニメ,dアニメストア,視聴済み,1,0,0,,Chapter.5,,,,,,,,,,,
284,転生したらスライムだった件 転スラ日記,アニメ,dアニメストア,視聴済み,0,0,0,,11日記,,,,,,,,,,,
285,けいおん！,アニメ,dアニメストア,視聴済み,0,0,0,,#1,,,,,,,,,,,
286,異世界魔王と召喚少女の奴隷魔術Ω,アニメ,dアニメストア,視聴済み,0,0,0,,第10話,,,,,,,,,,,
287,おちこぼれフルーツタルト,アニメ,dアニメストア,視聴済み,1,0,0,,第5話,,,,,,,,,,,
288,かぐや様は告らせたい？～天才たちの恋愛頭脳戦～,アニメ,dアニメストア,視聴済み,0,0,0,,第7話,,,,,,,,,,,
289,呪術廻戦,アニメ,dアニメストア,視聴済み,1,0,0,,第23話,,,,,,,,,,,
290,聖女の魔力は万能です,アニメ,dアニメストア,視聴済み,0,0,0,,EPISODE02,,,,,,,,,,,
291,不滅のあなたへ,アニメ,dアニメストア,視聴済み,0,0,0,,第2話,,,,,,,,,,,
292,やくならマグカップも,アニメ,dアニメストア,視聴済み,0,0,0,,第3話,,,,,,,,,,,
293,ドラゴン、家を買う。,アニメ,dアニメストア,視聴済み,0,0,0,,1軒目,,,,,,,,,,,
294,究極進化したフルダイブRPGが現実よりもクソゲーだったら,アニメ,dアニメストア,視聴済み,0,0,0,,第2話,,,,,,,,,,,
295,バクテン!!,アニメ,dアニメストア,視聴済み,0,0,0,,#02,,,,,,,,,,,
296,シャドーハウス,アニメ,dアニメストア,視聴済み,0,0,0,,第1話,,,,,,,,,,,
297,TVアニメ「スーパーカブ」,アニメ,dアニメストア,視聴済み,0,0,0,,#1,,,,,,,,,,,
298,セブンナイツレボリューション-英雄の継承者-,アニメ,dアニメストア,視聴済み,0,0,0,,第1話,,,,,,,,,,,
299,MARS RED,アニメ,dアニメストア,視聴済み,0,0,0,,#01,,,,,,,,,,,
300,ウマ娘 プリティーダービー,アニメ,dアニメストア,視聴済み,0,0,0,,第9Ｒ,,,,,,,,,,,
301,とある科学の超電磁砲 OVA,アニメ,dアニメストア,視聴済み,1,0,0,,本編,,,,,,,,,,,
302,異世界魔王と召喚少女の奴隷魔術～マジ魔王Ver～,アニメ,dアニメストア,視聴済み,0,0,0,,第6話,,,,,,,,,,,
303,異世界魔王と召喚少女の奴隷魔術,アニメ,dアニメストア,視聴済み,0,0,0,,第2話,,,,,,,,,,,
304,俺だけ入れる隠しダンジョン,アニメ,dアニメストア,視聴済み,1,0,0,,第12話,,,,,,,,,,,
305,新サクラ大戦 the Animation,アニメ,dアニメストア,視聴済み,0,0,0,,第一話,,,,,,,,,,,
306,犬と猫どっちも飼ってると毎日たのしい,アニメ,dアニメストア,視聴済み,1,0,0,,#17-24,,,,,,,,,,,
307,Re:ゼロから始める異世界生活 2nd season,アニメ,dアニメストア,視聴済み,1,0,0,,50話,,,,,,,,,,,
308,小林さんちのメイドラゴン,アニメ,dアニメストア,視聴済み,0,0,0,,第12話,,,,,,,,,,,
309,Re:ゼロから始める異世界生活,アニメ,dアニメストア,視聴済み,0,0,0,,新編集版 3話,,,,,,,,,,,
310,はたらく細胞!!,アニメ,dアニメストア,視聴済み,0,0,0,,第7話,,,,,,,,,,,
311,問題児たちが異世界から来るそうですよ?,アニメ,dアニメストア,視聴済み,0,0,0,,第9話,,,,,,,,,,,
312,怪物事変,アニメ,dアニメストア,視聴済み,0,0,0,,第四話,,,,,,,,,,,
313,くまクマ熊ベアー,アニメ,dアニメストア,視聴済み,0,0,0,,#08,,,,,,,,,,,
314,魔道祖師,アニメ,dアニメストア,視聴済み,0,0,0,,前塵編 第三話,,,,,,,,,,,
315,たとえばラストダンジョン前の村の少年が序盤の街で暮らすような物語,アニメ,dアニメストア,視聴済み,0,0,0,,第3話,,,,,,,,,,,
316,裏世界ピクニック,アニメ,dアニメストア,視聴済み,0,0,0,,第3話,,,,,,,,,,,
317,クソゲーって言うな！アニメーション,アニメ,dアニメストア,視聴済み,1,0,0,,第7話～第12話,,,,,,,,,,,
318,＜Infinite Dendrogram＞-インフィニット・デンドログラム-,アニメ,dアニメストア,視聴済み,0,0,0,,第4話,,,,,,,,,,,
319,はたらく細胞BLACK,アニメ,dアニメストア,視聴済み,0,0,0,,第2話,,,,,,,,,,,
320,プレイタの傷,アニメ,dアニメストア,視聴済み,0,0,0,,第1話,,,,,,,,,,,
321,弱キャラ友崎くん,アニメ,dアニメストア,視聴済み,0,0,0,,Lv.1,,,,,,,,,,,
322,蜘蛛ですが、なにか？,アニメ,dアニメストア,視聴済み,0,0,0,,第1話,,,,,,,,,,,
323,オルタンシア・サーガ,アニメ,dアニメストア,視聴済み,0,0,0,,第2話,,,,,,,,,,,
324,回復術士のやり直し,アニメ,dアニメストア,視聴済み,0,0,0,,第一話,,,,,,,,,,,
325,文豪ストレイドッグス わん！,アニメ,dアニメストア,視聴済み,0,0,0,,#01,,,,,,,,,,,
326,私、能力は平均値でって言ったよね！,アニメ,dアニメストア,視聴済み,1,0,0,,＃４,,,,,,,,,,,
327,キングスレイド 意志を継ぐものたち,アニメ,dアニメストア,視聴済み,0,0,0,,第1話,,,,,,,,,,,
328,まよチキ!,アニメ,dアニメストア,視聴済み,0,0,0,,第4話,,,,,,,,,,,
329,異世界かるてっと２,アニメ,dアニメストア,視聴済み,0,0,0,,第12話,,,,,,,,,,,
330,ピーター・グリルと賢者の時間 通常ver.,アニメ,dアニメストア,視聴済み,1,0,0,,第12話,,,,,,,,,,,
331,CANAAN,アニメ,dアニメストア,視聴済み,1,0,0,,＃13,,,,,,,,,,,
332,消滅都市,アニメ,dアニメストア,視聴済み,0,0,0,,第4話,,,,,,,,,,,
333,レヱル・ロマネスク,アニメ,dアニメストア,視聴済み,0,0,0,,第1話～第3話,,,,,,,,,,,
334,荒ぶる季節の乙女どもよ。,アニメ,dアニメストア,視聴済み,0,0,0,,第1話,,,,,,,,,,,
335,甘城ブリリアントパーク,アニメ,dアニメストア,視聴済み,1,0,0,,第13話,,,,,,,,,,,
336,アニマエール！,アニメ,dアニメストア,視聴済み,0,0,0,,#3,,,,,,,,,,,
337,ダンベル何キロ持てる？,アニメ,dアニメストア,視聴済み,0,0,0,,第3話,,,,,,,,,,,
338,さくら荘のペットな彼女,アニメ,dアニメストア,視聴済み,0,0,0,,第10話,,,,,,,,,,,
339,まちカドまぞく,アニメ,dアニメストア,視聴済み,0,0,0,,第4話,,,,,,,,,,,
340,咲-Saki- 阿知賀編 episode of side-A,アニメ,dアニメストア,視聴済み,0,0,0,,第12局,,,,,,,,,,,
341,ダーウィンズゲーム,アニメ,dアニメストア,視聴済み,0,0,0,,第1話 前編,,,,,,,,,,,
342,ご注文はうさぎですか？ BLOOM,アニメ,dアニメストア,視聴済み,0,0,0,,第2羽,,,,,,,,,,,
343,グランクレスト戦記,アニメ,dアニメストア,視聴済み,0,0,0,,第1話,,,,,,,,,,,
344,アルスラーン戦記 風塵乱舞,アニメ,dアニメストア,視聴済み,1,0,0,,第八章,,,,,,,,,,,
345,アルスラーン戦記,アニメ,dアニメストア,視聴済み,1,0,0,,第二十五章,,,,,,,,,,,
346,冴えない彼女の育てかた♭,アニメ,dアニメストア,視聴済み,1,0,0,,#11,,,,,,,,,,,
347,涼宮ハルヒの消失,アニメ,dアニメストア,視聴済み,1,0,0,,本編,,,,,,,,,,,
348,涼宮ハルヒの憂鬱(2009年放送版),アニメ,dアニメストア,視聴済み,0,0,0,,第2話,,,,,,,,,,,
349,神様になった日,アニメ,dアニメストア,視聴済み,0,0,0,,#11,,,,,,,,,,,
350,安達としまむら,アニメ,dアニメストア,視聴済み,0,0,0,,第1話,,,,,,,,,,,
351,堀江由衣をめぐる冒険 Ⅱ ～武道館で舞踏会～ Q&A,アニメ,dアニメストア,視聴済み,0,0,0,,Chapter.1,,,,,,,,,,,
352,戦翼のシグルドリーヴァ,アニメ,dアニメストア,視聴済み,0,0,0,,第10話,,,,,,,,,,,
353,灼眼のシャナ,アニメ,dアニメストア,視聴済み,0,0,0,,第4話,,,,,,,,,,,
354,テレビアニメ「鬼滅の刃」竈門炭治郎 立志編,アニメ,dアニメストア,視聴済み,1,0,0,,第二十一話,,,,,,,,,,,
355,ラブライブ！虹ヶ咲学園スクールアイドル同好会,アニメ,dアニメストア,視聴済み,0,0,0,,第1話,,,,,,,,,,,
356,まえせつ！,アニメ,dアニメストア,視聴済み,0,0,0,,第0幕,,,,,,,,,,,
357,キミと僕の最後の戦場、あるいは世界が始まる聖戦,アニメ,dアニメストア,視聴済み,0,0,0,,第9話,,,,,,,,,,,
358,ノーゲーム・ノーライフ,アニメ,dアニメストア,視聴済み,1,0,0,,第12話,,,,,,,,,,,
359,ノーゲーム・ノーライフ ゼロ,アニメ,dアニメストア,視聴済み,1,0,0,,chapter.4,,,,,,,,,,,
360,ベルゼブブ嬢のお気に召すまま。,アニメ,dアニメストア,視聴済み,0,0,0,,第1話,,,,,,,,,,,
361,Re:ゼロから始める異世界生活 氷結の絆,アニメ,dアニメストア,視聴済み,1,0,0,,Chapter.4,,,,,,,,,,,
362,生徒会役員共,アニメ,dアニメストア,視聴済み,0,0,0,,第4話,,,,,,,,,,,
363,ニセコイ,アニメ,dアニメストア,視聴済み,0,0,0,,第4話,,,,,,,,,,,
364,IS<インフィニット・ストラトス>,アニメ,dアニメストア,視聴済み,0,0,0,,第3話,,,,,,,,,,,
365,よんでますよ、アザゼルさん。Z,アニメ,dアニメストア,視聴済み,1,0,0,,第13話,,,,,,,,,,,
366,よんでますよ、アザゼルさん。,アニメ,dアニメストア,視聴済み,1,0,0,,第13話,,,,,,,,,,,
367,「メジャーセカンド」第２シリーズ,アニメ,dアニメストア,視聴済み,1,0,0,,第25話,,,,,,,,,,,
368,いわかける！- Sport Climbing Girls -,アニメ,dアニメストア,視聴済み,0,0,0,,第1話,,,,,,,,,,,
369,〈物語〉シリーズ セカンドシーズン（第21話～第26話） 恋物語,アニメ,dアニメストア,視聴済み,1,0,0,,第26話,,,,,,,,,,,
370,〈物語〉シリーズ セカンドシーズン（第1話～第5話） 猫物語(白),アニメ,dアニメストア,視聴済み,1,0,0,,第5話,,,,,,,,,,,
371,猫物語(黒),アニメ,dアニメストア,視聴済み,1,0,0,,第四話,,,,,,,,,,,
372,魔王城でおやすみ,アニメ,dアニメストア,視聴済み,0,0,0,,第4夜,,,,,,,,,,,
373,偽物語,アニメ,dアニメストア,視聴済み,1,0,0,,第11話,,,,,,,,,,,
374,〈物語〉シリーズ セカンドシーズン（第7話～第10話） 傾物語,アニメ,dアニメストア,視聴済み,1,0,0,,第7話,,,,,,,,,,,
375,化物語,アニメ,dアニメストア,視聴済み,1,0,0,,第十五話,,,,,,,,,,,
376,100万の命の上に俺は立っている,アニメ,dアニメストア,視聴済み,0,0,0,,第5話,,,,,,,,,,,
377,終物語,アニメ,dアニメストア,視聴済み,1,0,0,,第12話,,,,,,,,,,,
378,神達に拾われた男,アニメ,dアニメストア,視聴済み,0,0,0,,第1話,,,,,,,,,,,
379,宇宙兄弟,アニメ,dアニメストア,視聴済み,0,0,0,,第48話,,,,,,,,,,,
380,我が家のお稲荷さま。,アニメ,dアニメストア,視聴済み,0,0,0,,第一話,,,,,,,,,,,
381,ストライクウィッチーズ ROAD to BERLIN,アニメ,dアニメストア,視聴済み,0,0,0,,第1話,,,,,,,,,,,
382,戦翼のシグルドリーヴァ おじさんコメンタリー,アニメ,dアニメストア,視聴済み,0,0,0,,第1話,,,,,,,,,,,
383,トリニティセブン,アニメ,dアニメストア,視聴済み,0,0,0,,第5話,,,,,,,,,,,
384,ハッピーシュガーライフ,アニメ,dアニメストア,視聴済み,0,0,0,,1st Life,,,,,,,,,,,
385,食戟のソーマ 豪ノ皿,アニメ,dアニメストア,視聴済み,1,0,0,,第13話,,,,,,,,,,,
386,宇崎ちゃんは遊びたい！,アニメ,dアニメストア,視聴済み,1,0,0,,第12話,,,,,,,,,,,
387,魔王学院の不適合者 ～史上最強の魔王の始祖、転生して子孫たちの学校へ通う～,アニメ,dアニメストア,視聴済み,1,0,0,,第13話,,,,,,,,,,,
388,放課後ていぼう日誌,アニメ,dアニメストア,視聴済み,1,0,0,,れぽーと12,,,,,,,,,,,
389,Angel Beats!,アニメ,dアニメストア,視聴済み,0,0,0,,第10話,,,,,,,,,,,
390,棺姫のチャイカ AVENGING BATTLE,アニメ,dアニメストア,視聴済み,1,0,0,,第10話,,,,,,,,,,,
391,ブラック・ブレット,アニメ,dアニメストア,視聴済み,0,0,0,,第9話,,,,,,,,,,,
392,D.C.～ダ・カーポ～,アニメ,dアニメストア,視聴済み,0,0,0,,第1話,,,,,,,,,,,
393,放課後さいころ倶楽部,アニメ,dアニメストア,視聴済み,0,0,0,,第1話,,,,,,,,,,,
394,Charlotte,アニメ,dアニメストア,視聴済み,1,0,0,,第二話,,,,,,,,,,,
395,ようこそ実力至上主義の教室へ,アニメ,dアニメストア,視聴済み,0,0,0,,第7話,,,,,,,,,,,
396,Myself ; Yourself,アニメ,dアニメストア,視聴済み,0,0,0,,#1,,,,,,,,,,,
397,Kanon,アニメ,dアニメストア,視聴済み,0,0,0,,第1話,,,,,,,,,,,
398,魔法少女育成計画,アニメ,dアニメストア,視聴済み,0,0,0,,第1話,,,,,,,,,,,
399,銀魂 (2年目),アニメ,dアニメストア,視聴済み,0,0,0,,第50話,,,,,,,,,,,
400,ドメスティックな彼女,アニメ,dアニメストア,視聴済み,1,0,0,,第10話,,,,,,,,,,,
401,劇場版響け！ユーフォニアム～届けたいメロディ～,アニメ,dアニメストア,視聴済み,1,0,0,,Chapter.4,,,,,,,,,,,
402,劇場版響け！ユーフォニアム～北宇治高校吹奏楽部へようこそ～,アニメ,dアニメストア,視聴済み,1,0,0,,Chapter.4,,,,,,,,,,,
403,天晴爛漫！,アニメ,dアニメストア,視聴済み,0,0,0,,第八話,,,,,,,,,,,
404,「メジャーセカンド」第１シリーズ,アニメ,dアニメストア,視聴済み,1,0,0,,#25,,,,,,,,,,,
405,モンスター娘のお医者さん,アニメ,dアニメストア,視聴済み,0,0,0,,第1話,,,,,,,,,,,
406,Daydream cafe/Petit Rabbit's（佐倉綾音、水瀬いのり、種田梨沙、佐藤聡美、内田真礼）,アニメ,dアニメストア,視聴済み,1,0,0,,本編,,,,,,,,,,,
407,私に天使が舞い降りた！,アニメ,dアニメストア,視聴済み,0,0,0,,第1話,,,,,,,,,,,
408,アマガミSS,アニメ,dアニメストア,視聴済み,0,0,0,,第16話,,,,,,,,,,,
409,ソードアート・オンライン Extra Edition,アニメ,dアニメストア,視聴済み,1,0,0,,Chapter.4,,,,,,,,,,,
410,彼女、お借りします,アニメ,dアニメストア,視聴済み,0,0,0,,第1話,,,,,,,,,,,
411,虚構推理,アニメ,dアニメストア,視聴済み,0,0,0,,第一話,,,,,,,,,,,
412,セイレン,アニメ,dアニメストア,視聴済み,0,0,0,,第1話,,,,,,,,,,,
413,かぐや様は告らせたい～天才たちの恋愛頭脳戦～,アニメ,dアニメストア,視聴済み,0,0,0,,第2話,,,,,,,,,,,
414,灼眼のシャナⅡ(Second),アニメ,dアニメストア,視聴済み,0,0,0,,第5話,,,,,,,,,,,
415,緋弾のアリア,アニメ,dアニメストア,視聴済み,1,0,0,,第12弾,,,,,,,,,,,
416,To LOVEる-とらぶる-ダークネス,アニメ,dアニメストア,視聴済み,0,0,0,,第1話,,,,,,,,,,,
417,プリティーリズム・オーロラドリーム,アニメ,dアニメストア,視聴済み,0,0,0,,第15話,,,,,,,,,,,
418,かくしごと,アニメ,dアニメストア,視聴済み,1,0,0,,第12話,,,,,,,,,,,
419,フルーツバスケット 2nd season,アニメ,dアニメストア,視聴済み,0,0,0,,＃１１,,,,,,,,,,,
420,異種族レビュアーズ,アニメ,dアニメストア,視聴済み,1,0,0,,第12話,,,,,,,,,,,
421,乙女ゲームの破滅フラグしかない悪役令嬢に転生してしまった…,アニメ,dアニメストア,視聴済み,0,0,0,,第11話,,,,,,,,,,,
422,WHITE ALBUM,アニメ,dアニメストア,視聴済み,0,0,0,,第四頁,,,,,,,,,,,
423,プリンセスコネクト！Re:Dive,アニメ,dアニメストア,視聴済み,0,0,0,,Menu 9,,,,,,,,,,,
424,はたらく魔王さま！,アニメ,dアニメストア,視聴済み,0,0,0,,第10話,,,,,,,,,,,
425,犬とハサミは使いよう,アニメ,dアニメストア,視聴済み,1,0,0,,#12,,,,,,,,,,,
426,生徒会役員共 番外編,アニメ,dアニメストア,視聴済み,0,0,0,,#6,,,,,,,,,,,
427,八男って、それはないでしょう！,アニメ,dアニメストア,視聴済み,0,0,0,,第1話,,,,,,,,,,,
428,白猫プロジェクト ZERO CHRONICLE,アニメ,dアニメストア,視聴済み,0,0,0,,第8話,,,,,,,,,,,
429,イエスタデイをうたって,アニメ,dアニメストア,視聴済み,0,0,0,,scene01,,,,,,,,,,,
430,無限の住人,アニメ,dアニメストア,視聴済み,0,0,0,,第一幕,,,,,,,,,,,
431,文豪とアルケミスト ～審判ノ歯車～,アニメ,dアニメストア,視聴済み,0,0,0,,第1話,,,,,,,,,,,
432,フルーツバスケット,アニメ,dアニメストア,視聴済み,0,0,0,,第一話,,,,,,,,,,,
433,フルーツバスケット 1st season,アニメ,dアニメストア,視聴済み,1,0,0,,＃２５,,,,,,,,,,,
434,あの日見た花の名前を僕達はまだ知らない。,アニメ,dアニメストア,視聴済み,0,0,0,,第2話,,,,,,,,,,,
435,社長、バトルの時間です！,アニメ,dアニメストア,視聴済み,0,0,0,,第1話,,,,,,,,,,,
436,五等分の花嫁スペシャルイベント,アニメ,dアニメストア,視聴済み,1,0,0,,chapter.4,,,,,,,,,,,
437,旦那が何を言っているかわからない件 2スレ目,アニメ,dアニメストア,視聴済み,1,0,0,,#09～#13,,,,,,,,,,,
438,旦那が何を言っているかわからない件,アニメ,dアニメストア,視聴済み,1,0,0,,#9～#13,,,,,,,,,,,
439,劇場版 ダンジョンに出会いを求めるのは間違っているだろうか ―オリオンの矢―,アニメ,dアニメストア,視聴済み,1,0,0,,Chapter.4,,,,,,,,,,,
440,灼熱の卓球娘,アニメ,dアニメストア,視聴済み,0,0,0,,第一球,,,,,,,,,,,
441,WORKING!!,アニメ,dアニメストア,視聴済み,0,0,0,,2品目,,,,,,,,,,,
442,花咲くいろは,アニメ,dアニメストア,視聴済み,0,0,0,,第1話,,,,,,,,,,,
443,本好きの下剋上～司書になるためには手段を選んでいられません～,アニメ,dアニメストア,視聴済み,0,0,0,好まない,第十七章,,,,,,,,,,,
444,異能バトルは日常系のなかで,アニメ,dアニメストア,視聴済み,0,0,0,,第2話,,,,,,,,,,,
445,生徒会役員共＊,アニメ,dアニメストア,視聴済み,0,0,0,,第1話,,,,,,,,,,,
446,盾の勇者の成り上がり,アニメ,dアニメストア,視聴済み,0,0,0,,第7話,,,,,,,,,,,
447,暦物語,アニメ,dアニメストア,視聴済み,1,0,0,,第7話,,,,,,,,,,,
448,四月は君の嘘,アニメ,dアニメストア,視聴済み,1,0,0,,第22話,,,,,,,,,,,
449,らき☆すたin武道館 あなたのためだから,アニメ,dアニメストア,視聴済み,0,0,0,,ライブ第1部,,,,,,,,,,,
450,響け！ユーフォニアム２,アニメ,dアニメストア,視聴済み,1,0,0,,最終回,,,,,,,,,,,
451,「終物語」まよいヘル／ひたぎランデブー／おうぎダーク,アニメ,dアニメストア,視聴済み,1,0,0,,第7話,,,,,,,,,,,
452,憑物語,アニメ,dアニメストア,視聴済み,1,0,0,,第四話,,,,,,,,,,,
453,ロウきゅーぶ!,アニメ,dアニメストア,視聴済み,1,0,0,,The 12th game,,,,,,,,,,,
454,宙のまにまに,アニメ,dアニメストア,視聴済み,0,0,0,,第7話,,,,,,,,,,,
455,映画 中二病でも恋がしたい！ -Take On Me-,アニメ,dアニメストア,視聴済み,1,0,0,,Chapter.4,,,,,,,,,,,
456,恋する小惑星（アステロイド）,アニメ,dアニメストア,視聴済み,0,0,0,,01.,,,,,,,,,,,
457,NEW GAME!,アニメ,dアニメストア,視聴済み,0,0,0,,第3話,,,,,,,,,,,
458,プランダラ,アニメ,dアニメストア,視聴済み,0,0,0,,第4話,,,,,,,,,,,
459,おーばーふろぉ【オンエア版】,アニメ,dアニメストア,視聴済み,0,0,0,,第1話～第4話,,,,,,,,,,,
460,やはり俺の青春ラブコメはまちがっている。,アニメ,dアニメストア,視聴済み,0,0,0,,第2話,,,,,,,,,,,
461,Classroom☆Crisis,アニメ,dアニメストア,気になる,0,1,0,,第1話,,,,,,,,,,,
462,フラグタイム,アニメ,dアニメストア,気になる,0,1,0,,Chapter.1,,,,,,,,,,,
463,心が叫びたがってるんだ。,アニメ,dアニメストア,気になる,0,1,0,,Chapter.1,,,,,,,,,,,
464,STEINS;GATE,アニメ,dアニメストア,気になる,0,1,0,,第1話,2,2,1,2,2,0,2,深層核,8.5,本命,ループの喪失×二人×SF思弁。気になる登録済
465,ふたりはプリキュア,アニメ,dアニメストア,気になる,0,1,0,,第2話,,,,,,,,,,,
466,まりあ†ほりっく,アニメ,dアニメストア,気になる,0,1,0,,第1章,,,,,,,,,,,
467,ストロベリー・パニック,アニメ,dアニメストア,気になる,0,1,0,,第一話,,,,,,,,,,,
468,マリア様がみてる,アニメ,dアニメストア,気になる,0,1,0,,第1話,,,,,,,,,,,
469,Fate/kaleid liner プリズマ☆イリヤ ツヴァイ！,アニメ,dアニメストア,気になる,0,1,0,,第1話,,,,,,,,,,,
470,やがて君になる,アニメ,dアニメストア,気になる,0,1,0,,第1話,,,,,,,,,,,
471,桜Trick,アニメ,dアニメストア,気になる,0,1,0,,Trick1,,,,,,,,,,,
472,うらら迷路帖,アニメ,dアニメストア,気になる,0,1,0,,一占,,,,,,,,,,,
473,風夏,アニメ,dアニメストア,気になる,0,1,0,,第1話,,,,,,,,,,,
474,刀使ノ巫女,アニメ,dアニメストア,気になる,0,1,0,,第7話,,,,,,,,,,,
475,我が家のお稲荷さま。,アニメ,dアニメストア,気になる,0,1,0,,第二話,,,,,,,,,,,
476,OVA ハイスクール・フリート,アニメ,dアニメストア,気になる,0,1,0,,前編,,,,,,,,,,,
477,少女革命ウテナ,アニメ,dアニメストア,マイリストのみ,0,0,1,,,,,,,,,,,,,
478,CLANNAD,アニメ,外部,視聴済み(dアニメ外),1,0,0,好む,全話完走,,,,,,,,,,,
479,東方Project 秘封倶楽部作品群,アニメ,外部,外部(dアニメ外),0,0,0,好む(高い自認),-,,,,,,,,,,,
480,数学ガール（結城浩）,アニメ,外部,外部(小説),0,0,0,好む(高い自認),-,,,,,,,,,,,
481,ぼくらのよあけ,マンガ,外部/未配信,未視聴候補,0,0,0,,,1,2,2,2,2,0,2,深層核,9.0,本命,近未来団地のジュブナイルSF。電脳コイル直系
482,灰羽連盟,アニメ,外部/未配信,未視聴候補,0,0,0,,,1,2,1,2,2,0,1,深層核,7.5,本命,共同体×罪と喪失×別れの余韻(安倍吉俊)
483,数学ガール(続刊/秘密ノート),小説,外部/未配信,未視聴候補,0,0,0,,,1,2,2,1,2,0,2,深層核,9.0,本命,僕+テトラ+ミルカの対話×数学×余韻。本人一部読了・好む
484,宝石の国,マンガ/アニメ,外部/未配信,未視聴候補,0,0,0,,,2,1,2,2,2,0,2,思弁,7.5,次点,記憶喪失×不死の思弁×鉱物(実学)
485,素晴らしき日々〜不連続存在〜,VN/ゲーム,外部/未配信,未視聴候補,0,0,0,,,2,1,1,2,2,0,2,思弁,7.0,次点,現実と夢の境界の思弁。秘封と同型(※重い題材注意)
486,know(野崎まど),小説,外部/未配信,未視聴候補,0,0,0,,,1,1,1,1,2,0,2,思弁,7.0,次点,認識と知の思弁SF。伊藤計劃の隣
487,リズと青い鳥,アニメ(映画),外部/未配信,未視聴候補,0,0,0,,,2,2,1,2,1,0,0,情念関係,8.0,次点,みぞれと希美の二人。互いに素=数学ガールと接続
488,夜のピクニック(恩田陸),小説,外部/未配信,未視聴候補,0,0,0,,,2,2,1,2,0,0,0,情念関係,7.5,次点,歩き続ける一夜の青春対話と余韻
489,ARIA,マンガ/アニメ,外部/未配信,未視聴候補,0,0,0,,,1,2,2,2,1,0,0,雰囲気,7.5,気分で,ネオヴェネツィアの手触り×小集団×郷愁
490,ヨコハマ買い出し紀行,マンガ,外部/未配信,未視聴候補,0,0,0,,,1,1,2,2,1,0,0,雰囲気,6.0,気分で,穏やかな終末世界の日常と郷愁
491,ブルーピリオド,マンガ,外部/未配信,未視聴候補,0,0,0,,,2,1,2,1,1,0,1,雰囲気,6.0,気分で,絵画への真摯な探究×情念(実学情熱型)
492,四畳半神話大系(森見登美彦),小説/アニメ,外部/未配信,未視聴候補,0,0,0,,,2,1,2,1,1,0,1,雰囲気,6.0,気分で,サブカル的青春の郷愁とほろ苦さ
493,青い花(志村貴子),マンガ,外部/未配信,未視聴候補,0,0,0,,,2,2,1,1,0,0,0,情念関係,6.5,気分で,文芸的百合の代表。関係性の機微
494,FLOWERS,VN/ゲーム,外部/未配信,未視聴候補,0,0,0,,,1,2,1,1,0,0,0,情念関係,5.5,気分で,四季百合ADV。関係性の直球
